Temp [C],salinity,depth,fluorescence,[O2] (umol/L),O2 (% sat),Lat,long
6.0887,34.2331,502,7.99E-02,28.239,8.465,36.77923,-121.91696
6.0977,34.2328,501,8.26E-02,27.24,8.463,36.77923,-121.91696
6.0961,34.2328,500,7.79E-02,26.646,8.44,36.77923,-121.91696
6.0889,34.2327,499,8.06E-02,26.678,8.471,36.77923,-121.91696
6.0935,34.2323,498,8.18E-02,26.564,8.457,36.77923,-121.91696
6.0959,34.2319,497,8.13E-02,26.566,8.467,36.77923,-121.91696
6.0964,34.2321,496,8.29E-02,26.57,8.484,36.77923,-121.91696
6.0921,34.2323,495,8.09E-02,26.457,8.46,36.77923,-121.91696
6.0927,34.2321,494,7.94E-02,26.441,8.463,36.77923,-121.91696
6.0937,34.2316,493,8.34E-02,26.442,8.467,36.77923,-121.91696
6.0991,34.2321,492,7.94E-02,26.477,8.472,36.77923,-121.91696
6.097,34.2314,491,8.63E-02,26.388,8.461,36.77923,-121.91696
6.0971,34.2315,490,8.60E-02,26.408,8.47,36.77923,-121.91696
6.0969,34.2315,489,8.28E-02,26.447,8.485,36.77923,-121.91696
6.1013,34.2309,488,8.23E-02,26.454,8.493,36.77923,-121.91696
6.1004,34.2303,487,8.20E-02,26.329,8.458,36.77923,-121.91696
6.1017,34.2306,486,8.17E-02,26.4,8.485,36.77923,-121.91696
6.1037,34.2308,485,8.44E-02,26.48,8.508,36.77923,-121.91696
6.0979,34.2302,484,8.20E-02,26.522,8.538,36.77923,-121.91696
6.1152,34.2295,483,8.10E-02,26.513,8.531,36.77923,-121.91696
6.1108,34.2293,482,8.43E-02,26.521,8.536,36.77923,-121.91696
6.1127,34.229,481,8.16E-02,26.517,8.537,36.77923,-121.91696
6.1175,34.2294,480,8.33E-02,26.726,8.605,36.77923,-121.91696
6.1198,34.2282,479,8.24E-02,26.63,8.578,36.77923,-121.91696
6.1297,34.2272,478,7.95E-02,26.703,8.61,36.77923,-121.91696
6.1303,34.227,477,7.58E-02,26.986,8.703,36.77923,-121.91696
6.1293,34.2268,476,8.04E-02,26.898,8.675,36.77923,-121.91696
6.1352,34.2266,475,7.92E-02,27.073,8.735,36.77923,-121.91696
6.1403,34.2266,474,8.32E-02,27.035,8.724,36.77923,-121.91696
6.1442,34.2263,473,8.10E-02,27.117,8.751,36.77923,-121.91696
6.1434,34.2252,472,8.02E-02,27.086,8.743,36.77923,-121.91696
6.1619,34.2259,471,8.07E-02,27.201,8.781,36.77923,-121.91696
6.126,34.2249,470,8.62E-02,27.267,8.803,36.77923,-121.91696
6.1517,34.2245,469,7.85E-02,27.308,8.819,36.77923,-121.91696
6.1549,34.2244,468,8.19E-02,27.479,8.877,36.77923,-121.91696
6.1358,34.2241,467,8.21E-02,27.717,8.955,36.77923,-121.91696
6.1547,34.2237,466,8.31E-02,27.625,8.928,36.77923,-121.91696
6.1651,34.2237,465,8.32E-02,27.811,8.992,36.77923,-121.91696
6.1477,34.2235,464,8.53E-02,27.838,9,36.77923,-121.91696
6.1813,34.2232,463,8.29E-02,27.876,9.016,36.77923,-121.91696
6.1748,34.2228,462,8.47E-02,27.884,9.02,36.77923,-121.91696
6.1813,34.2225,461,8.48E-02,27.913,9.031,36.77923,-121.91696
6.1914,34.2227,460,8.07E-02,28.081,9.086,36.77923,-121.91696
6.1866,34.2224,459,8.17E-02,27.993,9.058,36.77923,-121.91696
6.1853,34.2225,458,7.94E-02,28.015,9.065,36.77923,-121.91696
6.184,34.2225,457,8.19E-02,28.091,9.09,36.77923,-121.91696
6.1873,34.2225,456,9.03E-02,28.067,9.084,36.77923,-121.91696
6.1724,34.2224,455,7.94E-02,28.016,9.066,36.77923,-121.91696
6.1953,34.2227,454,7.95E-02,28.081,9.089,36.77923,-121.91696
6.1701,34.2226,453,7.91E-02,28.217,9.132,36.77923,-121.91696
6.184,34.2224,452,7.96E-02,28.075,9.088,36.77923,-121.91696
6.1838,34.2224,451,7.66E-02,28.132,9.107,36.77923,-121.91696
6.1998,34.2225,450,8.08E-02,28.071,9.09,36.77923,-121.91696
6.1813,34.2222,449,8.06E-02,28.146,9.112,36.77923,-121.91696
6.2011,34.2222,448,8.16E-02,28.115,9.105,36.77923,-121.91696
6.2031,34.2221,447,8.30E-02,28.137,9.112,36.77923,-121.91696
6.2024,34.222,446,8.52E-02,28.17,9.123,36.77923,-121.91696
6.2052,34.222,445,8.17E-02,28.097,9.1,36.77923,-121.91696
6.1922,34.2216,444,7.73E-02,28.219,9.138,36.77923,-121.91696
6.2083,34.2218,443,8.38E-02,28.21,9.137,36.77923,-121.91696
6.1912,34.2213,442,8.13E-02,28.093,9.097,36.77923,-121.91696
6.1998,34.2208,441,7.87E-02,28.309,9.168,36.77923,-121.91696
6.2084,34.2208,440,8.17E-02,28.301,9.167,36.77923,-121.91696
6.218,34.2203,439,8.41E-02,28.326,9.177,36.77923,-121.91696
6.217,34.2202,438,8.10E-02,28.364,9.189,36.77923,-121.91696
6.1981,34.2197,437,8.21E-02,28.428,9.207,36.77923,-121.91696
6.2262,34.22,436,7.99E-02,28.6,9.267,36.77923,-121.91696
6.2208,34.22,435,8.65E-02,28.53,9.244,36.77923,-121.91696
6.2198,34.2196,434,8.09E-02,28.538,9.246,36.77923,-121.91696
6.2102,34.2186,433,8.61E-02,28.617,9.271,36.77923,-121.91696
6.2195,34.2191,432,8.28E-02,28.704,9.3,36.77923,-121.91696
6.2103,34.2188,431,8.12E-02,28.651,9.282,36.77923,-121.91696
6.234,34.2182,430,8.00E-02,28.756,9.32,36.77923,-121.91696
6.2082,34.2176,429,7.45E-02,28.847,9.345,36.77923,-121.91696
6.2299,34.217,428,7.96E-02,28.923,9.374,36.77923,-121.91696
6.2504,34.2169,427,8.29E-02,29.157,9.453,36.77923,-121.91696
6.2286,34.2158,426,8.53E-02,29.285,9.491,36.77923,-121.91696
6.2685,34.2151,425,8.16E-02,29.302,9.503,36.77923,-121.91696
6.2421,34.2144,424,8.15E-02,29.291,9.495,36.77923,-121.91696
6.2871,34.2137,423,8.24E-02,29.559,9.589,36.77923,-121.91696
6.2907,34.2115,422,8.46E-02,29.756,9.654,36.77923,-121.91696
6.2694,34.2081,421,8.38E-02,29.898,9.698,36.77923,-121.91696
6.3572,34.2061,420,8.38E-02,30.255,9.827,36.77923,-121.91696
6.3084,34.2097,419,8.16E-02,30.747,9.98,36.77923,-121.91696
6.3532,34.2055,418,8.13E-02,30.943,10.051,36.77923,-121.91696
6.2698,34.203,417,8.20E-02,31.168,10.111,36.77923,-121.91696
6.4026,34.2035,416,8.18E-02,31.387,10.204,36.77923,-121.91696
6.3693,34.2014,415,8.27E-02,31.522,10.243,36.77923,-121.91696
6.3189,34.2006,414,8.00E-02,31.658,10.28,36.77923,-121.91696
6.3837,34.1982,413,8.21E-02,31.828,10.347,36.77923,-121.91696
6.443,34.1974,412,8.01E-02,32.027,10.422,36.77923,-121.91696
6.3873,34.1971,411,8.53E-02,32.235,10.481,36.77923,-121.91696
6.4935,34.1943,410,8.19E-02,32.395,10.551,36.77923,-121.91696
6.337,34.1942,409,8.09E-02,32.485,10.555,36.77923,-121.91696
6.5187,34.1933,408,8.24E-02,32.885,10.717,36.77923,-121.91696
6.4367,34.1911,407,7.75E-02,33.074,10.765,36.77923,-121.91696
6.4933,34.1914,406,8.19E-02,33.578,10.94,36.77923,-121.91696
6.5383,34.1908,405,8.26E-02,33.617,10.961,36.77923,-121.91696
6.4404,34.1906,404,8.63E-02,33.581,10.933,36.77923,-121.91696
6.5279,34.1906,403,8.36E-02,33.827,11.029,36.77923,-121.91696
6.4397,34.191,402,8.16E-02,33.915,11.044,36.77923,-121.91696
6.5188,34.1905,401,8.08E-02,33.964,11.075,36.77923,-121.91696
6.5561,34.1906,400,8.51E-02,33.984,11.089,36.77923,-121.91696
6.5656,34.1908,399,8.21E-02,34.086,11.124,36.77923,-121.91696
6.5486,34.1907,398,8.37E-02,34.072,11.117,36.77923,-121.91696
6.4952,34.1903,397,8.54E-02,34.141,11.131,36.77923,-121.91696
6.5511,34.1905,396,8.20E-02,34.009,11.098,36.77923,-121.91696
6.5459,34.1904,395,8.00E-02,33.868,11.053,36.77923,-121.91696
6.5962,34.1904,394,8.37E-02,33.653,10.991,36.77923,-121.91696
6.5711,34.1902,393,8.46E-02,33.633,10.981,36.77923,-121.91696
6.5914,34.1903,392,8.46E-02,33.569,10.963,36.77923,-121.91696
6.5581,34.1899,391,8.25E-02,33.598,10.968,36.77923,-121.91696
6.567,34.1898,390,8.26E-02,33.588,10.966,36.77923,-121.91696
6.5832,34.1901,389,8.05E-02,33.505,10.942,36.77923,-121.91696
6.5055,34.1893,388,8.01E-02,33.686,10.99,36.77923,-121.91696
6.5966,34.1888,387,8.39E-02,33.622,10.984,36.77923,-121.91696
6.5825,34.1879,386,8.14E-02,33.682,11.002,36.77923,-121.91696
6.6012,34.1874,385,8.14E-02,33.786,11.04,36.77923,-121.91696
6.6067,34.1878,384,7.66E-02,33.887,11.074,36.77923,-121.91696
6.6452,34.1824,383,8.04E-02,34.013,11.123,36.77923,-121.91696
6.6414,34.1789,382,8.36E-02,34.37,11.239,36.77923,-121.91696
6.689,34.1806,381,7.61E-02,34.876,11.414,36.77923,-121.91696
6.6764,34.1793,380,8.14E-02,35.279,11.543,36.77923,-121.91696
6.6947,34.1812,379,8.66E-02,35.761,11.704,36.77923,-121.91696
6.584,34.1763,378,8.44E-02,35.512,11.603,36.77923,-121.91696
6.7781,34.177,377,8.58E-02,36.269,11.888,36.77923,-121.91696
6.7305,34.1764,376,7.97E-02,36.949,12.102,36.77923,-121.91696
6.6572,34.1759,375,8.06E-02,37.084,12.132,36.77923,-121.91696
6.7594,34.1751,374,8.34E-02,37.085,12.153,36.77923,-121.91696
6.7134,34.175,373,7.97E-02,37.256,12.201,36.77923,-121.91696
6.6201,34.1735,372,8.20E-02,37.38,12.225,36.77923,-121.91696
6.7895,34.1719,371,8.05E-02,37.559,12.317,36.77923,-121.91696
6.7715,34.1716,370,8.17E-02,37.81,12.397,36.77923,-121.91696
6.7043,34.1714,369,8.24E-02,38.246,12.527,36.77923,-121.91696
6.7673,34.1675,368,8.55E-02,38.296,12.558,36.77923,-121.91696
6.8379,34.1689,367,8.33E-02,38.629,12.681,36.77923,-121.91696
6.8194,34.1657,366,8.42E-02,38.744,12.716,36.77923,-121.91696
6.7148,34.1651,365,8.21E-02,39.138,12.825,36.77923,-121.91696
6.8335,34.165,364,8.21E-02,39.279,12.897,36.77923,-121.91696
6.8472,34.1656,363,8.14E-02,39.708,13.04,36.77923,-121.91696
6.7419,34.163,362,8.02E-02,39.84,13.064,36.77923,-121.91696
6.9549,34.1631,361,8.13E-02,40.061,13.181,36.77923,-121.91696
6.7872,34.1612,360,8.34E-02,40.149,13.176,36.77923,-121.91696
6.9497,34.1598,359,8.05E-02,40.163,13.216,36.77923,-121.91696
6.8814,34.1622,358,8.17E-02,40.672,13.369,36.77923,-121.91696
6.781,34.1543,357,8.41E-02,40.918,13.431,36.77923,-121.91696
6.9828,34.1563,356,7.86E-02,41.429,13.643,36.77923,-121.91696
6.8652,34.1566,355,7.85E-02,41.827,13.751,36.77923,-121.91696
6.9944,34.1524,354,8.31E-02,41.875,13.797,36.77923,-121.91696
7.0148,34.1509,353,8.02E-02,42.361,13.962,36.77923,-121.91696
7.0116,34.1511,352,8.21E-02,42.542,14.021,36.77923,-121.91696
6.9805,34.1513,351,7.99E-02,42.944,14.149,36.77923,-121.91696
6.9432,34.1497,350,8.24E-02,43.089,14.19,36.77923,-121.91696
7.1115,34.1503,349,8.10E-02,43.189,14.261,36.77923,-121.91696
7.0422,34.1489,348,8.03E-02,43.311,14.287,36.77923,-121.91696
7.1241,34.146,347,8.31E-02,43.749,14.452,36.77923,-121.91696
7.0374,34.1458,346,8.67E-02,44.09,14.546,36.77923,-121.91696
7.1396,34.1456,345,8.29E-02,44.366,14.661,36.77923,-121.91696
7.1241,34.1461,344,7.69E-02,44.66,14.756,36.77923,-121.91696
7.086,34.1436,343,8.09E-02,44.761,14.782,36.77923,-121.91696
7.2183,34.1437,342,8.54E-02,44.891,14.857,36.77923,-121.91696
7.1979,34.144,341,8.10E-02,44.937,14.868,36.77923,-121.91696
7.0583,34.1436,340,8.16E-02,45.107,14.893,36.77923,-121.91696
7.1911,34.1428,339,8.00E-02,45.167,14.946,36.77923,-121.91696
7.1439,34.1433,338,8.47E-02,45.288,14.977,36.77923,-121.91696
7.2059,34.1434,337,7.92E-02,45.351,15.013,36.77923,-121.91696
7.1862,34.1438,336,8.55E-02,45.34,15.006,36.77923,-121.91696
7.2238,34.1437,335,8.38E-02,45.285,14.997,36.77923,-121.91696
7.2148,34.1438,334,8.27E-02,45.356,15.02,36.77923,-121.91696
7.2111,34.1438,333,8.24E-02,45.487,15.063,36.77923,-121.91696
7.2163,34.143,332,8.02E-02,45.408,15.039,36.77923,-121.91696
7.1119,34.1438,331,7.91E-02,45.65,15.099,36.77923,-121.91696
7.2041,34.1432,330,7.72E-02,45.544,15.087,36.77923,-121.91696
7.2524,34.1428,329,8.48E-02,45.558,15.104,36.77923,-121.91696
7.275,34.142,328,8.07E-02,45.661,15.144,36.77923,-121.91696
7.2683,34.142,327,8.17E-02,45.961,15.243,36.77923,-121.91696
7.27,34.1404,326,8.55E-02,46.071,15.28,36.77923,-121.91696
7.2839,34.1402,325,7.79E-02,46.224,15.334,36.77923,-121.91696
7.2667,34.1373,324,7.99E-02,46.348,15.372,36.77923,-121.91696
7.2972,34.1371,323,8.30E-02,46.575,15.455,36.77923,-121.91696
7.2908,34.1367,322,7.82E-02,46.916,15.567,36.77923,-121.91696
7.2474,34.1354,321,7.86E-02,46.898,15.552,36.77923,-121.91696
7.309,34.136,320,7.98E-02,47.215,15.673,36.77923,-121.91696
7.3131,34.1355,319,8.05E-02,47.279,15.696,36.77923,-121.91696
7.3045,34.1355,318,9.21E-02,47.434,15.746,36.77923,-121.91696
7.3544,34.1354,317,8.20E-02,47.429,15.757,36.77923,-121.91696
7.3366,34.1352,316,8.23E-02,47.479,15.77,36.77923,-121.91696
7.3442,34.1348,315,8.00E-02,47.644,15.827,36.77923,-121.91696
7.3523,34.1349,314,8.44E-02,47.661,15.835,36.77923,-121.91696
7.3047,34.1341,313,8.26E-02,47.681,15.831,36.77923,-121.91696
7.3653,34.134,312,7.98E-02,47.886,15.915,36.77923,-121.91696
7.2864,34.1334,311,7.93E-02,48.011,15.938,36.77923,-121.91696
7.3237,34.1332,310,8.41E-02,48.194,16.01,36.77923,-121.91696
7.3547,34.1334,309,8.55E-02,48.151,16.004,36.77923,-121.91696
7.3293,34.1333,308,8.13E-02,48.222,16.023,36.77923,-121.91696
7.3872,34.1333,307,7.82E-02,48.433,16.109,36.77923,-121.91696
7.4088,34.1333,306,7.89E-02,48.422,16.112,36.77923,-121.91696
7.4154,34.1334,305,8.18E-02,48.381,16.1,36.77923,-121.91696
7.3913,34.1334,304,8.33E-02,48.483,16.128,36.77923,-121.91696
7.4102,34.1335,303,8.16E-02,48.473,16.13,36.77923,-121.91696
7.4123,34.1334,302,8.24E-02,48.466,16.128,36.77923,-121.91696
7.4206,34.1336,301,7.84E-02,48.485,16.137,36.77923,-121.91696
7.4044,34.1338,300,8.12E-02,48.478,16.131,36.77923,-121.91696
7.4055,34.1341,299,8.42E-02,48.488,16.136,36.77923,-121.91696
7.4038,34.134,298,8.21E-02,48.541,16.154,36.77923,-121.91696
7.4185,34.1342,297,8.09E-02,48.487,16.14,36.77923,-121.91696
7.4231,34.1341,296,7.92E-02,48.501,16.145,36.77923,-121.91696
7.4294,34.1342,295,8.11E-02,48.483,16.141,36.77923,-121.91696
7.4231,34.1345,294,7.81E-02,48.409,16.115,36.77923,-121.91696
7.4188,34.1344,293,7.94E-02,48.478,16.137,36.77923,-121.91696
7.4043,34.1344,292,8.31E-02,48.567,16.164,36.77923,-121.91696
7.4269,34.1346,291,8.16E-02,48.504,16.149,36.77923,-121.91696
7.4397,34.1346,290,8.18E-02,48.568,16.173,36.77923,-121.91696
7.4366,34.1346,289,8.34E-02,48.493,16.148,36.77923,-121.91696
7.4326,34.1336,288,8.03E-02,48.564,16.171,36.77923,-121.91696
7.4463,34.1341,287,8.08E-02,48.553,16.171,36.77923,-121.91696
7.4687,34.1329,286,8.17E-02,48.72,16.233,36.77923,-121.91696
7.4527,34.1302,285,7.81E-02,49.11,16.359,36.77923,-121.91696
7.4752,34.131,284,8.07E-02,49.447,16.478,36.77923,-121.91696
7.4886,34.1309,283,7.93E-02,49.725,16.574,36.77923,-121.91696
7.5103,34.1292,282,7.90E-02,49.893,16.636,36.77923,-121.91696
7.44,34.1282,281,7.44E-02,50.173,16.711,36.77923,-121.91696
7.5133,34.125,280,7.96E-02,50.35,16.79,36.77923,-121.91696
7.4958,34.1249,279,8.16E-02,50.534,16.847,36.77923,-121.91696
7.5111,34.1231,278,7.78E-02,50.541,16.854,36.77923,-121.91696
7.5049,34.1235,277,8.59E-02,50.731,16.915,36.77923,-121.91696
7.4499,34.1212,276,8.02E-02,50.743,16.905,36.77923,-121.91696
7.507,34.1213,275,8.11E-02,51.042,17.021,36.77923,-121.91696
7.5346,34.1213,274,7.84E-02,51.086,17.043,36.77923,-121.91696
7.4836,34.1216,273,7.94E-02,51.211,17.072,36.77923,-121.91696
7.4632,34.1225,272,8.10E-02,51.182,17.058,36.77923,-121.91696
7.5287,34.1222,271,7.95E-02,51.263,17.103,36.77923,-121.91696
7.544,34.1219,270,8.25E-02,51.256,17.106,36.77923,-121.91696
7.5367,34.1213,269,8.87E-02,51.334,17.13,36.77923,-121.91696
7.5435,34.1212,268,8.22E-02,51.3,17.12,36.77923,-121.91696
7.4939,34.1219,267,8.43E-02,51.414,17.147,36.77923,-121.91696
7.5488,34.1216,266,8.14E-02,51.494,17.189,36.77923,-121.91696
7.554,34.1213,265,8.21E-02,51.733,17.27,36.77923,-121.91696
7.5672,34.1219,264,7.86E-02,51.636,17.242,36.77923,-121.91696
7.5231,34.1233,263,8.11E-02,51.808,17.288,36.77923,-121.91696
7.5497,34.123,262,8.13E-02,51.993,17.358,36.77923,-121.91696
7.5732,34.1236,261,8.09E-02,52.197,17.434,36.77923,-121.91696
7.6096,34.1229,260,8.36E-02,52.274,17.469,36.77923,-121.91696
7.5303,34.1186,259,8.16E-02,52.304,17.458,36.77923,-121.91696
7.6026,34.117,258,8.15E-02,52.501,17.544,36.77923,-121.91696
7.6204,34.1167,257,8.04E-02,52.762,17.636,36.77923,-121.91696
7.589,34.1144,256,8.23E-02,52.908,17.677,36.77923,-121.91696
7.6173,34.1153,255,7.46E-02,53.066,17.738,36.77923,-121.91696
7.6054,34.1165,254,8.40E-02,53.059,17.734,36.77923,-121.91696
7.696,34.1175,253,8.28E-02,53.631,17.951,36.77923,-121.91696
7.678,34.118,252,8.09E-02,53.743,17.984,36.77923,-121.91696
7.7078,34.1232,251,7.92E-02,54.392,18.216,36.77923,-121.91696
7.7402,34.1235,250,8.00E-02,54.715,18.337,36.77923,-121.91696
7.7167,34.1233,249,7.92E-02,54.76,18.347,36.77923,-121.91696
7.7359,34.1232,248,7.81E-02,54.813,18.37,36.77923,-121.91696
7.707,34.1219,247,7.95E-02,54.921,18.399,36.77923,-121.91696
7.7259,34.1181,246,8.08E-02,54.78,18.359,36.77923,-121.91696
7.762,34.1181,245,8.18E-02,55.19,18.506,36.77923,-121.91696
7.7705,34.1169,244,7.94E-02,55.39,18.577,36.77923,-121.91696
7.7729,34.1163,243,8.10E-02,55.598,18.648,36.77923,-121.91696
7.7828,34.1169,242,7.91E-02,55.707,18.688,36.77923,-121.91696
7.74,34.1169,241,8.00E-02,55.738,18.688,36.77923,-121.91696
7.7568,34.1171,240,8.03E-02,56.233,18.861,36.77923,-121.91696
7.8312,34.1169,239,7.67E-02,56.11,18.841,36.77923,-121.91696
7.8167,34.1171,238,8.04E-02,56.28,18.894,36.77923,-121.91696
7.8078,34.118,237,8.09E-02,56.109,18.835,36.77923,-121.91696
7.8274,34.1191,236,8.04E-02,56.449,18.955,36.77923,-121.91696
7.7926,34.1193,235,7.97E-02,56.874,19.088,36.77923,-121.91696
7.8522,34.1195,234,8.70E-02,56.714,19.053,36.77923,-121.91696
7.8395,34.1197,233,8.18E-02,56.825,19.086,36.77923,-121.91696
7.8591,34.1201,232,7.97E-02,56.796,19.083,36.77923,-121.91696
7.8064,34.12,231,7.87E-02,57.093,19.168,36.77923,-121.91696
7.8671,34.1202,230,8.03E-02,57.027,19.164,36.77923,-121.91696
7.8363,34.1207,229,7.98E-02,57.081,19.173,36.77923,-121.91696
7.8198,34.1217,228,8.31E-02,57.189,19.205,36.77923,-121.91696
7.8949,34.1218,227,8.04E-02,57.314,19.271,36.77923,-121.91696
7.8346,34.1223,226,7.70E-02,57.401,19.282,36.77923,-121.91696
7.8853,34.1231,225,8.27E-02,57.439,19.311,36.77923,-121.91696
7.8737,34.1233,224,8.00E-02,57.634,19.373,36.77923,-121.91696
7.8017,34.1231,223,7.97E-02,57.841,19.421,36.77923,-121.91696
7.9059,34.1234,222,8.02E-02,57.869,19.463,36.77923,-121.91696
7.8539,34.1234,221,7.84E-02,57.998,19.491,36.77923,-121.91696
7.891,34.1231,220,7.98E-02,57.939,19.484,36.77923,-121.91696
7.8744,34.1228,219,7.73E-02,58.244,19.582,36.77923,-121.91696
7.9307,34.1228,218,8.13E-02,58.163,19.573,36.77923,-121.91696
7.9267,34.1227,217,7.98E-02,58.221,19.591,36.77923,-121.91696
7.9067,34.1201,216,8.05E-02,58.217,19.584,36.77923,-121.91696
7.9155,34.1166,215,7.84E-02,58.315,19.62,36.77923,-121.91696
7.8455,34.1164,214,7.60E-02,58.427,19.638,36.77923,-121.91696
7.8921,34.1155,213,7.58E-02,58.513,19.682,36.77923,-121.91696
7.907,34.1155,212,7.82E-02,58.865,19.805,36.77923,-121.91696
7.8917,34.1131,211,7.70E-02,58.863,19.8,36.77923,-121.91696
7.8866,34.1112,210,7.83E-02,59.033,19.857,36.77923,-121.91696
7.8799,34.1107,209,8.27E-02,59.208,19.915,36.77923,-121.91696
7.9055,34.1103,208,7.96E-02,59.326,19.963,36.77923,-121.91696
7.857,34.1108,207,7.78E-02,59.678,20.068,36.77923,-121.91696
7.9326,34.1111,206,8.13E-02,59.694,20.098,36.77923,-121.91696
7.9069,34.1112,205,9.18E-02,59.811,20.13,36.77923,-121.91696
7.9465,34.1103,204,8.37E-02,59.892,20.17,36.77923,-121.91696
7.9437,34.1111,203,7.84E-02,60.111,20.243,36.77923,-121.91696
7.9134,34.1071,202,7.74E-02,60.194,20.263,36.77923,-121.91696
7.9504,34.107,201,8.26E-02,60.58,20.405,36.77923,-121.91696
7.9296,34.1076,200,7.72E-02,60.917,20.513,36.77923,-121.91696
7.9591,34.1073,199,7.64E-02,61.112,20.588,36.77923,-121.91696
7.9253,34.1071,198,8.23E-02,61.362,20.663,36.77923,-121.91696
7.9855,34.1045,197,8.03E-02,61.573,20.754,36.77923,-121.91696
8.0129,34.104,196,7.90E-02,62.146,20.956,36.77923,-121.91696
8.013,34.1032,195,7.87E-02,62.212,20.979,36.77923,-121.91696
8.0087,34.1022,194,7.89E-02,62.642,21.123,36.77923,-121.91696
8.0511,34.1008,193,7.41E-02,62.626,21.133,36.77923,-121.91696
8.0285,34.1008,192,7.87E-02,62.818,21.192,36.77923,-121.91696
7.9924,34.1001,191,7.79E-02,63.2,21.311,36.77923,-121.91696
8.0861,34.1001,190,8.53E-02,63.179,21.336,36.77923,-121.91696
8.0784,34.0999,189,7.71E-02,63.284,21.369,36.77923,-121.91696
7.9997,34.0983,188,8.17E-02,63.278,21.342,36.77923,-121.91696
8.0786,34.0984,187,7.86E-02,63.593,21.475,36.77923,-121.91696
8.0472,34.0974,186,8.10E-02,63.968,21.591,36.77923,-121.91696
8.096,34.0974,185,8.05E-02,64.01,21.623,36.77923,-121.91696
8.0762,34.0959,184,7.94E-02,64.108,21.65,36.77923,-121.91696
8.061,34.0955,183,7.74E-02,64.22,21.684,36.77923,-121.91696
8.0698,34.0947,182,8.15E-02,64.394,21.747,36.77923,-121.91696
8.0743,34.0943,181,8.00E-02,64.514,21.791,36.77923,-121.91696
8.0945,34.0939,180,7.76E-02,64.694,21.859,36.77923,-121.91696
8.0953,34.0941,179,7.75E-02,64.662,21.849,36.77923,-121.91696
8.0448,34.0928,178,8.89E-02,64.946,21.93,36.77923,-121.91696
8.1262,34.0928,177,7.99E-02,64.853,21.926,36.77923,-121.91696
8.0955,34.0926,176,8.16E-02,64.927,21.94,36.77923,-121.91696
8.053,34.09,175,7.99E-02,64.892,21.916,36.77923,-121.91696
8.0905,34.0896,174,8.12E-02,65.373,22.093,36.77923,-121.91696
8.125,34.0889,173,7.74E-02,65.256,22.065,36.77923,-121.91696
8.123,34.0881,172,7.86E-02,65.365,22.102,36.77923,-121.91696
8.1237,34.0877,171,8.65E-02,65.48,22.141,36.77923,-121.91696
8.1168,34.0844,170,8.01E-02,65.388,22.109,36.77923,-121.91696
8.1354,34.0809,169,7.73E-02,65.535,22.165,36.77923,-121.91696
8.1367,34.0778,168,8.03E-02,65.515,22.158,36.77923,-121.91696
8.1005,34.0751,167,7.94E-02,65.586,22.171,36.77923,-121.91696
8.1347,34.0743,166,8.24E-02,65.783,22.25,36.77923,-121.91696
8.1346,34.0739,165,8.17E-02,65.797,22.255,36.77923,-121.91696
8.1057,34.0736,164,8.02E-02,66.011,22.318,36.77923,-121.91696
8.1382,34.0737,163,7.67E-02,66.044,22.34,36.77923,-121.91696
8.1357,34.0734,162,8.11E-02,66.112,22.363,36.77923,-121.91696
8.142,34.0734,161,8.34E-02,66.221,22.402,36.77923,-121.91696
8.1328,34.0734,160,8.19E-02,66.206,22.394,36.77923,-121.91696
8.1152,34.0733,159,8.57E-02,66.364,22.442,36.77923,-121.91696
8.1308,34.0732,158,9.30E-02,66.461,22.481,36.77923,-121.91696
8.128,34.073,157,8.29E-02,66.573,22.517,36.77923,-121.91696
8.1344,34.0729,156,8.37E-02,66.984,22.659,36.77923,-121.91696
8.1406,34.0721,155,8.17E-02,67.329,22.778,36.77923,-121.91696
8.1762,34.0711,154,7.87E-02,67.685,22.911,36.77923,-121.91696
8.1657,34.0716,153,8.06E-02,67.82,22.953,36.77923,-121.91696
8.1706,34.0705,152,8.19E-02,67.98,23.01,36.77923,-121.91696
8.1526,34.0704,151,8.31E-02,68.437,23.158,36.77923,-121.91696
8.1931,34.0704,150,8.45E-02,68.485,23.189,36.77923,-121.91696
8.1982,34.0689,149,8.44E-02,68.581,23.223,36.77923,-121.91696
8.2017,34.066,148,7.93E-02,68.86,23.319,36.77923,-121.91696
8.2276,34.0649,147,8.53E-02,70.188,23.78,36.77923,-121.91696
8.1685,34.0648,146,8.54E-02,71.096,24.066,36.77923,-121.91696
8.2532,34.0634,145,7.94E-02,71.635,24.281,36.77923,-121.91696
8.2381,34.0637,144,8.04E-02,72.039,24.414,36.77923,-121.91696
8.2179,34.0635,143,7.77E-02,72.679,24.624,36.77923,-121.91696
8.2569,34.0625,142,8.27E-02,72.682,24.641,36.77923,-121.91696
8.2551,34.0622,141,7.92E-02,72.849,24.697,36.77923,-121.91696
8.2875,34.062,140,8.37E-02,72.762,24.68,36.77923,-121.91696
8.2609,34.0616,139,8.21E-02,73.026,24.76,36.77923,-121.91696
8.232,34.0597,138,8.54E-02,73.269,24.833,36.77923,-121.91696
8.2812,34.0568,137,8.14E-02,73.489,24.927,36.77923,-121.91696
8.3056,34.0574,136,8.17E-02,73.657,24.994,36.77923,-121.91696
8.2943,34.0571,135,8.16E-02,73.962,25.094,36.77923,-121.91696
8.2307,34.0539,134,8.49E-02,74.699,25.321,36.77923,-121.91696
8.3205,34.0506,133,8.32E-02,74.64,25.337,36.77923,-121.91696
8.3389,34.0515,132,8.09E-02,75.603,25.672,36.77923,-121.91696
8.28,34.0485,131,8.20E-02,76.739,26.034,36.77923,-121.91696
8.3955,34.0385,130,8.16E-02,77.205,26.242,36.77923,-121.91696
8.3558,34.0384,129,8.54E-02,77.896,26.461,36.77923,-121.91696
8.3855,34.038,128,8.71E-02,78.632,26.724,36.77923,-121.91696
8.3636,34.0369,127,8.62E-02,78.808,26.776,36.77923,-121.91696
8.2992,34.0359,126,8.25E-02,79.042,26.83,36.77923,-121.91696
8.4104,34.0344,125,8.33E-02,78.754,26.78,36.77923,-121.91696
8.3339,34.0329,124,8.58E-02,78.908,26.801,36.77923,-121.91696
8.4133,34.0284,123,8.61E-02,78.004,26.529,36.77923,-121.91696
8.3797,34.0285,122,8.30E-02,77.805,26.449,36.77923,-121.91696
8.4186,34.0283,121,8.53E-02,76.471,26.013,36.77923,-121.91696
8.3889,34.0276,120,9.25E-02,75.947,25.825,36.77923,-121.91696
8.4505,34.0264,119,8.83E-02,75.259,25.615,36.77923,-121.91696
8.3574,34.0251,118,8.67E-02,75.246,25.578,36.77923,-121.91696
8.4098,34.0254,117,8.76E-02,74.818,25.454,36.77923,-121.91696
8.456,34.0255,116,8.47E-02,74.856,25.485,36.77923,-121.91696
8.4459,34.0241,115,8.75E-02,74.738,25.442,36.77923,-121.91696
8.384,34.0236,114,8.38E-02,75.007,25.509,36.77923,-121.91696
8.42,34.0221,113,8.56E-02,74.894,25.486,36.77923,-121.91696
8.4425,34.0195,112,9.40E-02,76.286,25.971,36.77923,-121.91696
8.4134,34.02,111,8.76E-02,77.603,26.409,36.77923,-121.91696
8.4683,34.0176,110,8.68E-02,77.532,26.408,36.77923,-121.91696
8.4509,34.0165,109,8.86E-02,78.08,26.588,36.77923,-121.91696
8.5102,34.015,108,1.02E-01,77.995,26.585,36.77923,-121.91696
8.5162,34.0119,107,9.32E-02,78.921,26.904,36.77923,-121.91696
8.5293,34.0081,106,9.04E-02,79.463,27.096,36.77923,-121.91696
8.5539,34.0088,105,9.16E-02,80.365,27.414,36.77923,-121.91696
8.5505,34.0073,104,8.65E-02,80.939,27.609,36.77923,-121.91696
8.565,34.0052,103,9.01E-02,81.192,27.702,36.77923,-121.91696
8.5397,34.0048,102,9.23E-02,81.577,27.825,36.77923,-121.91696
8.6016,33.9982,101,8.78E-02,82.306,28.103,36.77923,-121.91696
8.6643,33.9915,100,9.19E-02,86.721,29.667,36.77923,-121.91696
8.7025,33.9908,99,9.31E-02,86.376,29.566,36.77923,-121.91696
8.7006,33.9892,98,9.19E-02,86.635,29.654,36.77923,-121.91696
8.7179,33.9883,97,9.18E-02,87.146,29.837,36.77923,-121.91696
8.6609,33.9857,96,9.37E-02,87.443,29.914,36.77923,-121.91696
8.7288,33.9828,95,9.20E-02,88.556,30.328,36.77923,-121.91696
8.7186,33.9825,94,9.20E-02,89.142,30.525,36.77923,-121.91696
8.7373,33.9802,93,9.24E-02,89.253,30.573,36.77923,-121.91696
8.7403,33.9783,92,9.92E-02,89.639,30.708,36.77923,-121.91696
8.7364,33.977,91,1.01E-01,90.325,30.941,36.77923,-121.91696
8.7788,33.9764,90,1.00E-01,90.555,31.041,36.77923,-121.91696
8.7596,33.9761,89,1.03E-01,90.629,31.057,36.77923,-121.91696
8.7461,33.9765,88,1.04E-01,90.934,31.155,36.77923,-121.91696
8.7227,33.9756,87,9.89E-02,91.289,31.267,36.77923,-121.91696
8.7753,33.9748,86,1.01E-01,91.316,31.303,36.77923,-121.91696
8.7783,33.9737,85,1.04E-01,91.085,31.226,36.77923,-121.91696
8.7429,33.9728,84,1.03E-01,90.994,31.179,36.77923,-121.91696
8.79,33.9706,83,1.05E-01,90.14,30.91,36.77923,-121.91696
8.7761,33.9706,82,1.08E-01,89.694,30.751,36.77923,-121.91696
8.7974,33.9668,81,1.04E-01,89.41,30.665,36.77923,-121.91696
8.7584,33.9662,80,1.03E-01,89.846,30.797,36.77923,-121.91696
8.8145,33.964,79,1.03E-01,91.184,31.284,36.77923,-121.91696
8.7626,33.9639,78,1.08E-01,93.01,31.886,36.77923,-121.91696
8.841,33.9602,77,1.16E-01,93.203,31.992,36.77923,-121.91696
8.8398,33.9621,76,1.06E-01,93.911,32.235,36.77923,-121.91696
8.7615,33.9549,75,1.12E-01,94.151,32.282,36.77923,-121.91696
8.8897,33.9546,74,1.10E-01,94.421,32.439,36.77923,-121.91696
8.8932,33.9542,73,1.22E-01,94.219,32.372,36.77923,-121.91696
8.8283,33.9536,72,1.13E-01,94.301,32.37,36.77923,-121.91696
8.8978,33.9524,71,1.14E-01,93.548,32.146,36.77923,-121.91696
8.8843,33.953,70,1.10E-01,93.567,32.147,36.77923,-121.91696
8.8644,33.9494,69,1.07E-01,93.476,32.107,36.77923,-121.91696
8.8903,33.9498,68,1.10E-01,93.358,32.08,36.77923,-121.91696
8.8547,33.9482,67,1.06E-01,93.464,32.101,36.77923,-121.91696
8.931,33.9472,66,1.20E-01,93.033,31.991,36.77923,-121.91696
8.89,33.9467,65,1.13E-01,93.188,32.026,36.77923,-121.91696
8.8972,33.9469,64,1.12E-01,92.861,31.918,36.77923,-121.91696
8.9371,33.9441,63,1.11E-01,92.499,31.814,36.77923,-121.91696
8.9213,33.9418,62,1.12E-01,92.113,31.674,36.77923,-121.91696
8.8728,33.9395,61,1.16E-01,92.749,31.873,36.77923,-121.91696
8.9993,33.9396,60,1.24E-01,91.368,31.459,36.77923,-121.91696
8.9158,33.9389,59,1.13E-01,91.597,31.501,36.77923,-121.91696
9.0118,33.9371,58,1.19E-01,90.378,31.127,36.77923,-121.91696
9.0061,33.9362,57,1.21E-01,89.711,30.897,36.77923,-121.91696
8.9592,33.9352,56,1.35E-01,89.144,30.681,36.77923,-121.91696
9.0112,33.9319,55,1.21E-01,88.786,30.583,36.77923,-121.91696
9.0167,33.9321,54,1.28E-01,88.649,30.541,36.77923,-121.91696
8.9647,33.93,53,1.27E-01,88.52,30.475,36.77923,-121.91696
9.0801,33.9293,52,1.42E-01,88.189,30.414,36.77923,-121.91696
9.0847,33.9276,51,1.36E-01,89.366,30.841,36.77923,-121.91696
9.0847,33.9283,50,1.40E-01,89.203,30.788,36.77923,-121.91696
9.0798,33.9264,49,1.40E-01,89.559,30.91,36.77923,-121.91696
9.1119,33.9223,48,1.41E-01,89.342,30.851,36.77923,-121.91696
9.1208,33.918,47,1.33E-01,89.214,30.811,36.77923,-121.91696
9.1447,33.9165,46,1.41E-01,89.892,31.057,36.77923,-121.91696
9.1533,33.9138,45,1.35E-01,90.962,31.431,36.77923,-121.91696
9.1485,33.9081,44,1.37E-01,91.858,31.739,36.77923,-121.91696
9.186,33.8974,43,1.45E-01,93.223,32.23,36.77923,-121.91696
9.197,33.8997,42,1.57E-01,94.964,32.838,36.77923,-121.91696
9.2125,33.8921,41,1.53E-01,100.741,34.844,36.77923,-121.91696
9.2634,33.8843,40,1.70E-01,101.372,35.091,36.77923,-121.91696
9.265,33.8853,39,2.19E-01,100.498,34.79,36.77923,-121.91696
9.2779,33.8781,38,2.09E-01,101.928,35.293,36.77923,-121.91696
9.1497,33.8758,37,2.35E-01,102.542,35.434,36.77923,-121.91696
9.3124,33.8683,36,2.29E-01,102.994,35.684,36.77923,-121.91696
9.3395,33.8646,35,2.34E-01,104.063,36.07,36.77923,-121.91696
9.397,33.8655,34,2.54E-01,104.717,36.331,36.77923,-121.91696
9.3935,33.8416,33,2.78E-01,107.707,37.369,36.77923,-121.91696
9.3716,33.8415,32,3.01E-01,109.426,37.952,36.77923,-121.91696
9.5416,33.8324,31,3.07E-01,112.36,39.092,36.77923,-121.91696
9.4755,33.8333,30,2.97E-01,112.254,39.026,36.77923,-121.91696
9.5032,33.8316,29,3.08E-01,112.219,39.035,36.77923,-121.91696
9.5365,33.8257,28,3.10E-01,112.739,39.241,36.77923,-121.91696
9.5661,33.8243,27,3.02E-01,113.844,39.644,36.77923,-121.91696
9.5312,33.8147,26,3.28E-01,113.956,39.665,36.77923,-121.91696
9.6553,33.81,25,3.42E-01,114.417,39.904,36.77923,-121.91696
9.5786,33.8046,24,3.42E-01,114.792,39.992,36.77923,-121.91696
9.6268,33.804,23,3.68E-01,115.061,40.118,36.77923,-121.91696
9.6703,33.8041,22,4.09E-01,116.139,40.523,36.77923,-121.91696
9.7708,33.7921,21,3.73E-01,116.34,40.661,36.77923,-121.91696
9.8378,33.7891,20,3.84E-01,116.855,40.884,36.77923,-121.91696
9.8367,33.7839,19,4.50E-01,117.134,40.983,36.77923,-121.91696
9.8446,33.7805,18,4.33E-01,118.826,41.582,36.77923,-121.91696
9.8835,33.7785,17,4.57E-01,121.106,42.41,36.77923,-121.91696
9.9888,33.7656,16,5.93E-01,134.409,47.173,36.77923,-121.91696
9.9938,33.7605,15,6.26E-01,133.648,46.926,36.77923,-121.91696
10.0608,33.7606,14,6.55E-01,134.358,47.23,36.77923,-121.91696
10.0967,33.7341,13,7.23E-01,138.297,48.657,36.77923,-121.91696
10.0204,33.7453,12,2.25E+00,142.699,50.15,36.77923,-121.91696
10.6958,33.7073,11,2.12E+00,167.501,59.55,36.77923,-121.91696
10.7632,33.7074,10,3.29E+00,186.129,66.21,36.77923,-121.91696
11.1354,33.7087,9,4.61E+00,220.014,78.707,36.77923,-121.91696
11.2857,33.7007,8,5.58E+00,236.373,84.826,36.77923,-121.91696
10.3638,33.7057,7,7.61E+00,254.175,89.88,36.77923,-121.91696
11.2093,33.6975,6,8.90E+00,286.174,102.537,36.77923,-121.91696
11.4142,33.7014,5,1.25E+01,293.993,105.743,36.77923,-121.91696
12.2134,33.7039,4,5.84E+00,298.881,109.448,36.77923,-121.91696
12.1717,33.7056,3,4.02E+00,298.639,109.584,36.77923,-121.91696
12.2454,33.705,2,4.19E+00,298.263,109.599,36.77923,-121.91696
12.1442,33.705,1,3.37E+00,299.011,109.806,36.77923,-121.91696
,,,,,,,
7.93,34.1115,202,7.85E-02,58.166,19.59,36.79474,-121.87773
7.9041,34.113,201,7.72E-02,57.46,19.342,36.79474,-121.87773
7.9128,34.1134,200,7.43E-02,57.563,19.38,36.79474,-121.87773
7.9223,34.1142,199,7.79E-02,57.675,19.422,36.79474,-121.87773
7.9223,34.1146,198,7.89E-02,58.017,19.537,36.79474,-121.87773
7.9208,34.1144,197,8.01E-02,57.89,19.494,36.79474,-121.87773
7.9359,34.1136,196,7.57E-02,57.894,19.502,36.79474,-121.87773
7.9459,34.1106,195,7.31E-02,58.38,19.67,36.79474,-121.87773
7.9577,34.1068,194,7.61E-02,58.478,19.707,36.79474,-121.87773
7.9555,34.107,193,8.18E-02,59.21,19.953,36.79474,-121.87773
7.9573,34.106,192,7.49E-02,59.119,19.923,36.79474,-121.87773
7.9581,34.104,191,7.80E-02,59.167,19.939,36.79474,-121.87773
7.9562,34.1028,190,7.99E-02,59.16,19.936,36.79474,-121.87773
7.9472,34.0992,189,7.77E-02,59.159,19.931,36.79474,-121.87773
7.9481,34.0979,188,7.96E-02,59.054,19.896,36.79474,-121.87773
7.9473,34.0932,187,7.58E-02,58.977,19.869,36.79474,-121.87773
7.9425,34.0885,186,8.09E-02,59.195,19.94,36.79474,-121.87773
7.9441,34.0881,185,8.09E-02,59.033,19.885,36.79474,-121.87773
7.947,34.0874,184,7.68E-02,59.127,19.919,36.79474,-121.87773
7.9548,34.0867,183,8.52E-02,59.127,19.922,36.79474,-121.87773
7.9564,34.0864,182,8.03E-02,59.365,20.003,36.79474,-121.87773
7.9568,34.0864,181,8.61E-02,59.492,20.045,36.79474,-121.87773
7.9577,34.0864,180,7.90E-02,59.419,20.022,36.79474,-121.87773
7.9633,34.0865,179,8.11E-02,59.498,20.051,36.79474,-121.87773
7.9644,34.0869,178,7.82E-02,59.719,20.126,36.79474,-121.87773
7.9632,34.0867,177,7.66E-02,59.798,20.152,36.79474,-121.87773
7.9688,34.0871,176,7.90E-02,59.592,20.085,36.79474,-121.87773
7.9753,34.087,175,7.73E-02,59.667,20.113,36.79474,-121.87773
7.977,34.0864,174,7.59E-02,59.944,20.207,36.79474,-121.87773
7.9768,34.0865,173,8.16E-02,59.959,20.212,36.79474,-121.87773
7.9766,34.0865,172,8.06E-02,59.967,20.215,36.79474,-121.87773
7.9852,34.0854,171,8.03E-02,60.007,20.232,36.79474,-121.87773
7.9891,34.0845,170,7.75E-02,60.051,20.249,36.79474,-121.87773
7.9928,34.0846,169,7.49E-02,60.315,20.339,36.79474,-121.87773
7.9942,34.0834,168,7.79E-02,60.486,20.398,36.79474,-121.87773
8,34.0827,167,8.00E-02,60.532,20.416,36.79474,-121.87773
8.0044,34.0799,166,8.13E-02,60.372,20.364,36.79474,-121.87773
8.006,34.0797,165,7.68E-02,60.596,20.439,36.79474,-121.87773
8.0091,34.0791,164,8.09E-02,60.823,20.517,36.79474,-121.87773
8.0127,34.0792,163,8.03E-02,60.897,20.544,36.79474,-121.87773
8.0143,34.0786,162,7.84E-02,60.983,20.574,36.79474,-121.87773
8.0151,34.0787,161,7.80E-02,60.926,20.555,36.79474,-121.87773
8.0195,34.0782,160,7.67E-02,61.1,20.616,36.79474,-121.87773
8.024,34.0783,159,7.83E-02,61.113,20.622,36.79474,-121.87773
8.0207,34.0786,158,7.87E-02,61.363,20.705,36.79474,-121.87773
8.0324,34.078,157,8.03E-02,61.125,20.63,36.79474,-121.87773
8.0364,34.0782,156,7.54E-02,61.501,20.759,36.79474,-121.87773
8.0434,34.0785,155,7.74E-02,61.675,20.821,36.79474,-121.87773
8.0422,34.0786,154,7.99E-02,62.013,20.935,36.79474,-121.87773
8.0454,34.0789,153,7.58E-02,61.893,20.895,36.79474,-121.87773
8.0483,34.079,152,7.73E-02,61.982,20.927,36.79474,-121.87773
8.096,34.0806,151,7.53E-02,63.429,21.439,36.79474,-121.87773
8.1173,34.0809,150,7.62E-02,63.816,21.58,36.79474,-121.87773
8.122,34.0808,149,7.35E-02,64.367,21.768,36.79474,-121.87773
8.1358,34.0786,148,8.20E-02,64.388,21.782,36.79474,-121.87773
8.1727,34.0703,147,7.84E-02,64.985,22.001,36.79474,-121.87773
8.1743,34.0701,146,7.61E-02,65.215,22.079,36.79474,-121.87773
8.1712,34.0696,145,7.76E-02,65.606,22.21,36.79474,-121.87773
8.1971,34.065,144,7.80E-02,65.504,22.188,36.79474,-121.87773
8.2243,34.0608,143,7.71E-02,66.035,22.381,36.79474,-121.87773
8.2221,34.06,142,7.65E-02,67.055,22.726,36.79474,-121.87773
8.2438,34.0558,141,7.67E-02,67.106,22.753,36.79474,-121.87773
8.2664,34.0534,140,7.73E-02,67.402,22.865,36.79474,-121.87773
8.2725,34.0497,139,8.07E-02,67.698,22.968,36.79474,-121.87773
8.2707,34.0493,138,8.51E-02,67.978,23.062,36.79474,-121.87773
8.2683,34.0469,137,8.30E-02,67.766,22.988,36.79474,-121.87773
8.2705,34.0464,136,8.28E-02,67.304,22.833,36.79474,-121.87773
8.2729,34.045,135,8.72E-02,67.354,22.851,36.79474,-121.87773
8.2751,34.0444,134,8.43E-02,67.25,22.817,36.79474,-121.87773
8.2807,34.0427,133,8.90E-02,67.332,22.847,36.79474,-121.87773
8.2838,34.0432,132,8.65E-02,67.476,22.897,36.79474,-121.87773
8.2868,34.0424,131,8.12E-02,67.402,22.874,36.79474,-121.87773
8.2908,34.0398,130,8.91E-02,67.598,22.942,36.79474,-121.87773
8.2953,34.0368,129,8.51E-02,67.55,22.927,36.79474,-121.87773
8.2977,34.0366,128,9.17E-02,67.419,22.884,36.79474,-121.87773
8.3081,34.0336,127,8.87E-02,67.443,22.897,36.79474,-121.87773
8.324,34.0317,126,9.23E-02,67.543,22.939,36.79474,-121.87773
8.3296,34.0314,125,9.43E-02,68.009,23.1,36.79474,-121.87773
8.3428,34.0312,124,9.49E-02,68.055,23.122,36.79474,-121.87773
8.3601,34.0325,123,9.40E-02,68.75,23.368,36.79474,-121.87773
8.3756,34.0331,122,9.67E-02,70.31,23.907,36.79474,-121.87773
8.3868,34.0338,121,8.77E-02,70.847,24.095,36.79474,-121.87773
8.3938,34.0329,120,8.26E-02,71.944,24.472,36.79474,-121.87773
8.3987,34.0326,119,8.34E-02,71.385,24.284,36.79474,-121.87773
8.401,34.0312,118,8.62E-02,71.612,24.363,36.79474,-121.87773
8.4062,34.0311,117,9.11E-02,71.583,24.356,36.79474,-121.87773
8.4123,34.0296,116,8.34E-02,71.705,24.4,36.79474,-121.87773
8.4247,34.0286,115,8.95E-02,71.978,24.5,36.79474,-121.87773
8.4222,34.0289,114,8.22E-02,72.15,24.557,36.79474,-121.87773
8.457,34.025,113,8.18E-02,72.168,24.582,36.79474,-121.87773
8.4717,34.0264,112,8.58E-02,73.564,25.065,36.79474,-121.87773
8.5019,34.0226,111,8.28E-02,74.234,25.31,36.79474,-121.87773
8.5161,34.0204,110,8.43E-02,75.337,25.694,36.79474,-121.87773
8.5198,34.0204,109,8.17E-02,75.247,25.665,36.79474,-121.87773
8.5263,34.017,108,7.82E-02,75.69,25.82,36.79474,-121.87773
8.546,34.016,107,8.48E-02,75.728,25.844,36.79474,-121.87773
8.5671,34.0145,106,8.29E-02,77.522,26.468,36.79474,-121.87773
8.5882,34.0109,105,9.07E-02,78.01,26.647,36.79474,-121.87773
8.5949,34.0104,104,8.66E-02,79.261,27.078,36.79474,-121.87773
8.5985,34.0093,103,8.25E-02,79.709,27.233,36.79474,-121.87773
8.6162,34.0081,102,8.54E-02,80.369,27.469,36.79474,-121.87773
8.644,34.0041,101,8.84E-02,82.187,28.107,36.79474,-121.87773
8.65,34.003,100,9.13E-02,82.431,28.194,36.79474,-121.87773
8.6621,34.0005,99,1.02E-01,82.485,28.22,36.79474,-121.87773
8.6679,33.9997,98,8.40E-02,82.914,28.37,36.79474,-121.87773
8.6743,33.9986,97,8.54E-02,83.021,28.411,36.79474,-121.87773
8.6811,33.9975,96,8.24E-02,82.949,28.39,36.79474,-121.87773
8.6943,33.9943,95,8.89E-02,83.123,28.458,36.79474,-121.87773
8.7002,33.9959,94,9.63E-02,83.214,28.492,36.79474,-121.87773
8.737,33.9873,93,8.92E-02,83.195,28.508,36.79474,-121.87773
8.7502,33.9836,92,9.27E-02,83.806,28.725,36.79474,-121.87773
8.7442,33.9836,91,9.78E-02,84.383,28.919,36.79474,-121.87773
8.7791,33.9784,90,1.10E-01,84.174,28.869,36.79474,-121.87773
8.789,33.978,89,8.87E-02,84.386,28.948,36.79474,-121.87773
8.7985,33.9765,88,9.43E-02,84.254,28.908,36.79474,-121.87773
8.8064,33.9745,87,9.58E-02,84.227,28.904,36.79474,-121.87773
8.8254,33.9717,86,1.00E-01,84.379,28.968,36.79474,-121.87773
8.826,33.9726,85,9.76E-02,86.408,29.665,36.79474,-121.87773
8.8425,33.9697,84,1.00E-01,86.443,29.687,36.79474,-121.87773
8.8522,33.9663,83,1.04E-01,87.294,29.985,36.79474,-121.87773
8.8555,33.9659,82,1.22E-01,88.221,30.306,36.79474,-121.87773
8.8814,33.9621,81,1.02E-01,87.918,30.218,36.79474,-121.87773
8.8825,33.9626,80,1.06E-01,88.62,30.46,36.79474,-121.87773
8.8942,33.9601,79,1.06E-01,89.185,30.662,36.79474,-121.87773
8.9232,33.954,78,9.99E-02,90.052,30.978,36.79474,-121.87773
8.9164,33.9581,77,1.02E-01,92.425,31.791,36.79474,-121.87773
8.9328,33.9514,76,1.07E-01,91.998,31.654,36.79474,-121.87773
8.9398,33.9492,75,1.02E-01,92.392,31.795,36.79474,-121.87773
8.9502,33.9482,74,1.14E-01,92.046,31.683,36.79474,-121.87773
8.9489,33.949,73,1.08E-01,92.128,31.71,36.79474,-121.87773
8.9723,33.945,72,1.14E-01,92.04,31.695,36.79474,-121.87773
8.9815,33.9457,71,1.12E-01,89.96,30.985,36.79474,-121.87773
9.0185,33.9422,70,1.23E-01,88.414,30.477,36.79474,-121.87773
9.0249,33.9394,69,1.33E-01,86.125,29.692,36.79474,-121.87773
9.0318,33.9385,68,1.46E-01,85.963,29.64,36.79474,-121.87773
9.0333,33.9378,67,1.28E-01,86.308,29.76,36.79474,-121.87773
9.0357,33.9379,66,1.29E-01,86.135,29.702,36.79474,-121.87773
9.0379,33.9379,65,1.35E-01,86.129,29.701,36.79474,-121.87773
9.0388,33.9382,64,1.27E-01,85.917,29.629,36.79474,-121.87773
9.0414,33.9373,63,1.36E-01,86.038,29.672,36.79474,-121.87773
9.043,33.9369,62,1.34E-01,85.949,29.643,36.79474,-121.87773
9.0431,33.9371,61,1.33E-01,85.995,29.658,36.79474,-121.87773
9.0506,33.9359,60,1.38E-01,86.061,29.686,36.79474,-121.87773
9.0493,33.9358,59,1.33E-01,86.221,29.74,36.79474,-121.87773
9.0658,33.9318,58,1.29E-01,86.098,29.708,36.79474,-121.87773
9.0817,33.9296,57,1.32E-01,86.697,29.925,36.79474,-121.87773
9.0819,33.9297,56,1.34E-01,87.34,30.147,36.79474,-121.87773
9.0856,33.9289,55,1.42E-01,87.522,30.212,36.79474,-121.87773
9.094,33.9266,54,1.36E-01,87.675,30.27,36.79474,-121.87773
9.0971,33.9266,53,1.47E-01,88.087,30.414,36.79474,-121.87773
9.1033,33.9254,52,1.47E-01,88.23,30.467,36.79474,-121.87773
9.1215,33.9218,51,1.49E-01,89.002,30.746,36.79474,-121.87773
9.1267,33.9214,50,1.51E-01,89.258,30.838,36.79474,-121.87773
9.1323,33.9201,49,1.65E-01,89.326,30.865,36.79474,-121.87773
9.1366,33.9195,48,1.60E-01,89.522,30.935,36.79474,-121.87773
9.1436,33.9189,47,1.65E-01,89.561,30.953,36.79474,-121.87773
9.1611,33.9168,46,1.56E-01,89.908,31.084,36.79474,-121.87773
9.1881,33.91,45,1.60E-01,90.774,31.401,36.79474,-121.87773
9.1971,33.9087,44,1.67E-01,92.434,31.982,36.79474,-121.87773
9.2157,33.9052,43,1.74E-01,92.363,31.969,36.79474,-121.87773
9.1986,33.9069,42,1.71E-01,93.652,32.404,36.79474,-121.87773
9.2306,33.9,41,1.81E-01,93.003,32.201,36.79474,-121.87773
9.2401,33.8984,40,1.99E-01,95.209,32.971,36.79474,-121.87773
9.2631,33.8925,39,2.21E-01,95.195,32.981,36.79474,-121.87773
9.2633,33.892,38,2.00E-01,96.618,33.475,36.79474,-121.87773
9.3003,33.8841,37,2.04E-01,97.457,33.791,36.79474,-121.87773
9.3318,33.8753,36,1.94E-01,99.355,34.471,36.79474,-121.87773
9.3535,33.8729,35,2.04E-01,101.272,35.151,36.79474,-121.87773
9.3554,33.8694,34,1.90E-01,103.279,35.85,36.79474,-121.87773
9.3755,33.8624,33,2.07E-01,103.845,36.061,36.79474,-121.87773
9.4003,33.8574,32,2.56E-01,106.148,36.879,36.79474,-121.87773
9.4691,33.8405,31,2.50E-01,106.762,37.145,36.79474,-121.87773
9.5283,33.8375,30,3.16E-01,109.077,37.998,36.79474,-121.87773
9.5762,33.8289,29,3.55E-01,109.288,38.11,36.79474,-121.87773
9.5823,33.8255,28,4.00E-01,109.522,38.197,36.79474,-121.87773
9.6097,33.824,27,4.03E-01,109.947,38.367,36.79474,-121.87773
9.634,33.8206,26,3.55E-01,110.328,38.52,36.79474,-121.87773
9.6532,33.8173,25,4.03E-01,110.648,38.647,36.79474,-121.87773
9.7194,33.8106,24,4.02E-01,111.091,38.856,36.79474,-121.87773
9.7539,33.8078,23,4.86E-01,111.924,39.176,36.79474,-121.87773
9.7684,33.8068,22,5.09E-01,111.641,39.089,36.79474,-121.87773
9.8242,33.7977,21,5.32E-01,111.906,39.228,36.79474,-121.87773
9.8773,33.7919,20,5.85E-01,114.161,40.063,36.79474,-121.87773
9.8906,33.7869,19,5.89E-01,122.45,42.984,36.79474,-121.87773
10.0779,33.7688,18,6.72E-01,130.44,45.975,36.79474,-121.87773
10.3775,33.7391,17,1.45E+00,161.294,57.186,36.79474,-121.87773
10.3394,33.7438,16,1.37E+00,155.427,55.077,36.79474,-121.87773
10.3644,33.744,15,1.49E+00,158.284,56.119,36.79474,-121.87773
10.3763,33.7428,14,1.43E+00,159.052,56.406,36.79474,-121.87773
10.4128,33.741,13,1.66E+00,161.482,57.311,36.79474,-121.87773
10.4572,33.7353,12,1.67E+00,165.815,58.903,36.79474,-121.87773
10.5118,33.7356,11,2.08E+00,169.604,60.32,36.79474,-121.87773
10.6958,33.7224,10,2.14E+00,176.618,63.06,36.79474,-121.87773
11.2841,33.6945,9,2.28E+00,196.532,71.031,36.79474,-121.87773
12.0694,33.6838,8,5.31E+00,258.775,95.191,36.79474,-121.87773
12.5692,33.684,7,6.97E+00,312.299,115.974,36.79474,-121.87773
12.6375,33.6837,6,7.73E+00,321.391,119.522,36.79474,-121.87773
12.7033,33.6841,5,7.84E+00,323.98,120.65,36.79474,-121.87773
12.8131,33.6833,4,7.56E+00,324.649,121.174,36.79474,-121.87773
13.1551,33.6769,3,5.00E+00,323.615,121.639,36.79474,-121.87773
13.3952,33.6812,2,2.26E+00,319.09,120.533,36.79474,-121.87773
13.531,33.6872,1,1.05E+00,315.08,119.355,36.79474,-121.87773
,,,,,,,
7.7942,34.0971,202,1.31E-01,56.19,18.866,36.79749,-121.85774
7.8127,34.0931,201,8.44E-02,56.485,18.972,36.79749,-121.85774
7.8043,34.0928,200,8.20E-02,56.324,18.914,36.79749,-121.85774
7.7949,34.0935,199,7.83E-02,56.096,18.834,36.79749,-121.85774
7.8092,34.093,198,8.48E-02,56.029,18.817,36.79749,-121.85774
7.8274,34.0918,197,8.27E-02,56.34,18.929,36.79749,-121.85774
7.8379,34.0916,196,7.97E-02,56.866,19.11,36.79749,-121.85774
7.867,34.0908,195,8.02E-02,57.045,19.183,36.79749,-121.85774
7.8772,34.0904,194,7.39E-02,57.784,19.436,36.79749,-121.85774
7.8948,34.0898,193,7.83E-02,57.778,19.442,36.79749,-121.85774
7.9093,34.0899,192,8.13E-02,58.115,19.561,36.79749,-121.85774
7.9083,34.0903,191,7.70E-02,58.387,19.653,36.79749,-121.85774
7.9184,34.0904,190,7.58E-02,58.271,19.618,36.79749,-121.85774
7.9241,34.0901,189,7.55E-02,58.618,19.737,36.79749,-121.85774
7.9242,34.0903,188,7.52E-02,58.622,19.739,36.79749,-121.85774
7.9228,34.0904,187,8.09E-02,58.639,19.744,36.79749,-121.85774
7.9224,34.0904,186,7.79E-02,58.774,19.789,36.79749,-121.85774
7.9215,34.0904,185,7.85E-02,58.708,19.766,36.79749,-121.85774
7.9218,34.0906,184,7.64E-02,58.576,19.722,36.79749,-121.85774
7.9213,34.0905,183,7.82E-02,58.672,19.754,36.79749,-121.85774
7.9208,34.0905,182,7.89E-02,58.534,19.708,36.79749,-121.85774
7.9211,34.0905,181,7.27E-02,58.617,19.735,36.79749,-121.85774
7.9206,34.0905,180,7.75E-02,58.664,19.751,36.79749,-121.85774
7.921,34.0904,179,7.71E-02,58.525,19.705,36.79749,-121.85774
7.9216,34.0904,178,7.96E-02,58.568,19.719,36.79749,-121.85774
7.9219,34.0904,177,8.14E-02,58.656,19.749,36.79749,-121.85774
7.9241,34.0901,176,7.46E-02,58.603,19.732,36.79749,-121.85774
7.9283,34.0898,175,7.89E-02,58.563,19.721,36.79749,-121.85774
7.9251,34.0899,174,7.99E-02,58.944,19.848,36.79749,-121.85774
7.9312,34.0894,173,7.73E-02,58.778,19.794,36.79749,-121.85774
7.932,34.0896,172,7.93E-02,58.834,19.814,36.79749,-121.85774
7.9329,34.0894,171,8.01E-02,58.826,19.811,36.79749,-121.85774
7.9357,34.0893,170,7.74E-02,58.85,19.82,36.79749,-121.85774
7.9389,34.0891,169,7.49E-02,58.859,19.825,36.79749,-121.85774
7.9476,34.0884,168,7.69E-02,58.921,19.85,36.79749,-121.85774
7.9519,34.0887,167,7.77E-02,59.378,20.006,36.79749,-121.85774
7.9638,34.0882,166,7.72E-02,59.417,20.024,36.79749,-121.85774
7.9647,34.0888,165,8.43E-02,59.835,20.165,36.79749,-121.85774
7.9713,34.0865,164,7.83E-02,59.75,20.14,36.79749,-121.85774
7.9696,34.0868,163,7.73E-02,59.991,20.22,36.79749,-121.85774
7.9703,34.0839,162,7.77E-02,59.942,20.203,36.79749,-121.85774
7.9712,34.082,161,8.03E-02,59.928,20.199,36.79749,-121.85774
7.975,34.0789,160,7.75E-02,60.01,20.228,36.79749,-121.85774
7.9773,34.0786,159,8.20E-02,60.19,20.289,36.79749,-121.85774
7.9799,34.0754,158,8.00E-02,60.084,20.254,36.79749,-121.85774
7.9868,34.0737,157,8.26E-02,60.114,20.267,36.79749,-121.85774
7.9906,34.0724,156,8.15E-02,60.44,20.379,36.79749,-121.85774
8.0004,34.0705,155,8.12E-02,60.39,20.366,36.79749,-121.85774
8.0149,34.0684,154,8.53E-02,60.769,20.5,36.79749,-121.85774
8.0299,34.0674,153,8.43E-02,60.938,20.564,36.79749,-121.85774
8.0326,34.0667,152,8.84E-02,61.329,20.697,36.79749,-121.85774
8.0672,34.0631,151,8.87E-02,62.183,21.001,36.79749,-121.85774
8.0816,34.0622,150,8.37E-02,62.558,21.135,36.79749,-121.85774
8.1065,34.0613,149,8.97E-02,62.501,21.127,36.79749,-121.85774
8.1057,34.0624,148,8.81E-02,63.454,21.449,36.79749,-121.85774
8.1286,34.0602,147,8.00E-02,63.312,21.412,36.79749,-121.85774
8.1444,34.0606,146,8.21E-02,63.632,21.528,36.79749,-121.85774
8.1418,34.0608,145,8.21E-02,64.337,21.765,36.79749,-121.85774
8.1351,34.0619,144,8.19E-02,64.321,21.757,36.79749,-121.85774
8.1647,34.0598,143,8.54E-02,64.353,21.782,36.79749,-121.85774
8.1645,34.0601,142,7.77E-02,64.475,21.823,36.79749,-121.85774
8.1646,34.0601,141,7.74E-02,64.682,21.893,36.79749,-121.85774
8.164,34.0601,140,8.19E-02,64.8,21.932,36.79749,-121.85774
8.1635,34.06,139,8.43E-02,64.805,21.934,36.79749,-121.85774
8.1754,34.055,138,8.26E-02,64.883,21.966,36.79749,-121.85774
8.1901,34.053,137,8.50E-02,64.984,22.007,36.79749,-121.85774
8.2012,34.0516,136,8.75E-02,65.162,22.072,36.79749,-121.85774
8.1986,34.0524,135,8.11E-02,65.603,22.221,36.79749,-121.85774
8.2216,34.0516,134,8.05E-02,65.63,22.241,36.79749,-121.85774
8.2235,34.0506,133,7.93E-02,66.101,22.401,36.79749,-121.85774
8.2263,34.0507,132,8.02E-02,66.311,22.474,36.79749,-121.85774
8.2428,34.0491,131,8.22E-02,66.173,22.435,36.79749,-121.85774
8.2517,34.0479,130,8.03E-02,66.667,22.607,36.79749,-121.85774
8.2616,34.0465,129,8.18E-02,66.861,22.678,36.79749,-121.85774
8.2644,34.0464,128,8.68E-02,67.39,22.859,36.79749,-121.85774
8.2817,34.0433,127,8.50E-02,67.116,22.774,36.79749,-121.85774
8.2872,34.0413,126,7.72E-02,67.537,22.92,36.79749,-121.85774
8.2865,34.0417,125,8.06E-02,67.84,23.022,36.79749,-121.85774
8.2955,34.0394,124,8.35E-02,67.643,22.959,36.79749,-121.85774
8.2956,34.0382,123,8.60E-02,67.871,23.037,36.79749,-121.85774
8.3062,34.0372,122,9.15E-02,68.055,23.105,36.79749,-121.85774
8.3111,34.0363,121,8.86E-02,67.944,23.069,36.79749,-121.85774
8.3134,34.0363,120,8.48E-02,68.138,23.136,36.79749,-121.85774
8.3159,34.0363,119,8.53E-02,68.058,23.11,36.79749,-121.85774
8.3176,34.0365,118,9.20E-02,68.329,23.203,36.79749,-121.85774
8.3212,34.0362,117,8.69E-02,68.375,23.221,36.79749,-121.85774
8.3266,34.0356,116,8.13E-02,68.432,23.243,36.79749,-121.85774
8.3321,34.035,115,8.69E-02,68.623,23.311,36.79749,-121.85774
8.3398,34.0331,114,9.44E-02,68.664,23.328,36.79749,-121.85774
8.3479,34.0334,113,9.04E-02,68.76,23.365,36.79749,-121.85774
8.3528,34.0311,112,9.85E-02,69.358,23.571,36.79749,-121.85774
8.3879,34.0278,111,8.49E-02,69.328,23.578,36.79749,-121.85774
8.3989,34.0245,110,8.69E-02,70.132,23.857,36.79749,-121.85774
8.4029,34.0245,109,8.81E-02,70.553,24.003,36.79749,-121.85774
8.4064,34.0243,108,9.11E-02,70.726,24.063,36.79749,-121.85774
8.4317,34.0187,107,9.99E-02,70.607,24.036,36.79749,-121.85774
8.4334,34.0194,106,9.09E-02,71.203,24.239,36.79749,-121.85774
8.4386,34.0186,105,9.42E-02,71.366,24.297,36.79749,-121.85774
8.4448,34.018,104,9.38E-02,71.477,24.339,36.79749,-121.85774
8.4481,34.0173,103,9.99E-02,71.563,24.369,36.79749,-121.85774
8.4498,34.0155,102,8.98E-02,71.877,24.478,36.79749,-121.85774
8.486,34.0129,101,9.87E-02,72.793,24.809,36.79749,-121.85774
8.4945,34.0122,100,8.83E-02,73.2,24.952,36.79749,-121.85774
8.5368,34.0039,99,9.26E-02,73.191,24.971,36.79749,-121.85774
8.5593,33.9982,98,1.22E-01,74.7,25.499,36.79749,-121.85774
8.5938,33.9966,97,1.16E-01,75.209,25.691,36.79749,-121.85774
8.6293,33.9912,96,9.92E-02,76.394,26.116,36.79749,-121.85774
8.621,33.9911,95,1.25E-01,76.679,26.209,36.79749,-121.85774
8.635,33.989,94,1.02E-01,77.137,26.373,36.79749,-121.85774
8.6835,33.9908,93,9.77E-02,77.766,26.616,36.79749,-121.85774
8.6925,33.9867,92,1.03E-01,80.269,27.478,36.79749,-121.85774
8.7304,33.9827,91,9.03E-02,79.792,27.337,36.79749,-121.85774
8.7346,33.9827,90,9.18E-02,81.358,27.876,36.79749,-121.85774
8.7485,33.9794,89,9.42E-02,81.471,27.923,36.79749,-121.85774
8.7818,33.9737,88,9.75E-02,81.947,28.106,36.79749,-121.85774
8.8163,33.9684,87,1.01E-01,82.602,28.352,36.79749,-121.85774
8.838,33.9658,86,1.06E-01,83.291,28.601,36.79749,-121.85774
8.8437,33.9678,85,1.03E-01,84.492,29.017,36.79749,-121.85774
8.8688,33.9631,84,1.04E-01,84.691,29.101,36.79749,-121.85774
8.8963,33.956,83,1.02E-01,85.467,29.385,36.79749,-121.85774
8.9113,33.9571,82,1.01E-01,86.151,29.629,36.79749,-121.85774
8.9177,33.955,81,1.11E-01,85.993,29.579,36.79749,-121.85774
8.927,33.9558,80,1.04E-01,86.38,29.718,36.79749,-121.85774
8.9334,33.9539,79,1.09E-01,86.308,29.698,36.79749,-121.85774
8.9388,33.9526,78,1.15E-01,86.444,29.748,36.79749,-121.85774
8.9437,33.9519,77,1.12E-01,86.08,29.625,36.79749,-121.85774
8.9805,33.9471,76,1.12E-01,86.296,29.723,36.79749,-121.85774
8.9894,33.9454,75,1.17E-01,85.762,29.545,36.79749,-121.85774
8.9965,33.945,74,1.15E-01,85.811,29.566,36.79749,-121.85774
9.0031,33.943,73,1.25E-01,85.617,29.503,36.79749,-121.85774
9.0151,33.9428,72,1.24E-01,85.264,29.389,36.79749,-121.85774
9.0224,33.9407,71,1.38E-01,85.049,29.319,36.79749,-121.85774
9.0258,33.94,70,1.36E-01,85.227,29.383,36.79749,-121.85774
9.026,33.9399,69,1.32E-01,85.337,29.421,36.79749,-121.85774
9.031,33.9396,68,1.23E-01,85.457,29.465,36.79749,-121.85774
9.0329,33.9389,67,1.41E-01,85.663,29.538,36.79749,-121.85774
9.0358,33.9386,66,1.37E-01,85.96,29.642,36.79749,-121.85774
9.0362,33.9383,65,1.36E-01,85.745,29.568,36.79749,-121.85774
9.0392,33.9381,64,1.38E-01,86.035,29.67,36.79749,-121.85774
9.0449,33.9369,63,1.31E-01,85.949,29.644,36.79749,-121.85774
9.0627,33.9324,62,1.34E-01,86.026,29.681,36.79749,-121.85774
9.0698,33.9317,61,1.36E-01,86.675,29.91,36.79749,-121.85774
9.0758,33.93,60,1.48E-01,86.614,29.892,36.79749,-121.85774
9.0796,33.9302,59,1.43E-01,86.882,29.987,36.79749,-121.85774
9.0791,33.93,58,1.48E-01,86.862,29.98,36.79749,-121.85774
9.1202,33.9197,57,1.49E-01,87.072,30.078,36.79749,-121.85774
9.134,33.9171,56,1.64E-01,88.702,30.65,36.79749,-121.85774
9.147,33.9146,55,1.52E-01,89.408,30.903,36.79749,-121.85774
9.1868,33.9079,54,1.66E-01,90.366,31.259,36.79749,-121.85774
9.2009,33.9062,53,1.72E-01,92.157,31.888,36.79749,-121.85774
9.2259,33.9016,52,1.82E-01,91.914,31.82,36.79749,-121.85774
9.2533,33.8982,51,1.85E-01,97.68,33.836,36.79749,-121.85774
9.2538,33.8975,50,1.90E-01,97.822,33.886,36.79749,-121.85774
9.2583,33.8957,49,1.98E-01,98.251,34.038,36.79749,-121.85774
9.2646,33.8941,48,1.98E-01,98.638,34.176,36.79749,-121.85774
9.2805,33.8916,47,1.91E-01,99.531,34.497,36.79749,-121.85774
9.301,33.8853,46,2.14E-01,99.981,34.668,36.79749,-121.85774
9.3069,33.8869,45,2.17E-01,99.753,34.593,36.79749,-121.85774
9.3337,33.8813,44,2.14E-01,99.233,34.432,36.79749,-121.85774
9.3441,33.8801,43,2.22E-01,98.808,34.292,36.79749,-121.85774
9.3515,33.8781,42,2.28E-01,98.703,34.26,36.79749,-121.85774
9.3571,33.8761,41,2.29E-01,98.502,34.195,36.79749,-121.85774
9.367,33.8746,40,2.43E-01,99.021,34.382,36.79749,-121.85774
9.4196,33.863,39,2.48E-01,99.953,34.743,36.79749,-121.85774
9.4862,33.8581,38,2.70E-01,104.38,36.332,36.79749,-121.85774
9.5134,33.8493,37,2.51E-01,106.117,36.958,36.79749,-121.85774
9.5149,33.8482,36,2.47E-01,106.282,37.017,36.79749,-121.85774
9.5026,33.8522,35,2.48E-01,106.307,37.015,36.79749,-121.85774
9.4927,33.8488,34,2.74E-01,106.936,37.227,36.79749,-121.85774
9.5009,33.8421,33,2.40E-01,106.727,37.159,36.79749,-121.85774
9.4967,33.8415,32,2.39E-01,109.703,38.191,36.79749,-121.85774
9.4954,33.8414,31,3.47E-01,111.63,38.861,36.79749,-121.85774
9.4981,33.8337,30,2.79E-01,111.554,38.836,36.79749,-121.85774
9.5118,33.8266,29,2.89E-01,113.174,39.41,36.79749,-121.85774
9.539,33.8182,28,3.12E-01,114.796,39.996,36.79749,-121.85774
9.5748,33.8145,27,2.91E-01,117.619,41.01,36.79749,-121.85774
9.5977,33.8082,26,3.19E-01,119.537,41.698,36.79749,-121.85774
9.6239,33.8052,25,2.99E-01,119.714,41.783,36.79749,-121.85774
9.6417,33.8042,24,3.60E-01,120.34,42.018,36.79749,-121.85774
9.6625,33.8041,23,3.51E-01,120.318,42.029,36.79749,-121.85774
9.7259,33.7968,22,3.50E-01,120.331,42.09,36.79749,-121.85774
9.7789,33.7917,21,3.78E-01,123.453,43.231,36.79749,-121.85774
9.8283,33.7846,20,3.78E-01,126.574,44.368,36.79749,-121.85774
9.7981,33.7865,19,4.48E-01,129.94,45.52,36.79749,-121.85774
9.9463,33.7758,18,3.48E-01,128.39,45.116,36.79749,-121.85774
9.9364,33.7638,17,4.41E-01,132.913,46.697,36.79749,-121.85774
10.0108,33.7609,16,5.21E-01,136.173,47.917,36.79749,-121.85774
10.1052,33.7496,15,5.25E-01,139.411,49.152,36.79749,-121.85774
10.1105,33.7454,14,5.81E-01,139.306,49.121,36.79749,-121.85774
10.1877,33.7272,13,7.11E-01,139.36,49.217,36.79749,-121.85774
10.3457,33.7115,12,9.83E-01,149.872,53.103,36.79749,-121.85774
10.3701,33.7096,11,1.00E+00,150.125,53.222,36.79749,-121.85774
10.5552,33.7119,10,9.64E-01,152.167,54.16,36.79749,-121.85774
10.5842,33.7079,9,1.21E+00,160.167,57.044,36.79749,-121.85774
10.8208,33.7011,8,2.19E+00,173.86,62.237,36.79749,-121.85774
11.4699,33.6976,7,3.75E+00,215.165,78.13,36.79749,-121.85774
12.6668,33.671,6,7.16E+00,293.823,109.395,36.79749,-121.85774
13.3302,33.6827,5,9.75E+00,378.327,142.53,36.79749,-121.85774
13.19,33.6813,4,8.81E+00,361.376,135.933,36.79749,-121.85774
13.3763,33.6849,3,7.35E+00,353.923,133.642,36.79749,-121.85774
13.5863,33.6814,2,5.08E+00,338.512,128.367,36.79749,-121.85774
13.6882,33.6848,1,2.38E+00,329.411,125.181,36.79749,-121.85774
,,,,,,,
7.4042,34.1367,301,7.85E-02,46.852,16.01091,36.79202,-121.89738
7.3846,34.1377,300,7.71E-02,46.761,15.97293,36.79202,-121.89738
7.384,34.1376,299,7.52E-02,46.459,15.86939,36.79202,-121.89738
7.3857,34.1375,298,7.55E-02,46.494,15.88207,36.79202,-121.89738
7.3861,34.1375,297,7.60E-02,46.516,15.88991,36.79202,-121.89738
7.3984,34.1367,296,7.67E-02,46.53,15.89883,36.79202,-121.89738
7.4133,34.1353,295,7.86E-02,46.753,15.98016,36.79202,-121.89738
7.4142,34.1352,294,7.82E-02,47.079,16.09221,36.79202,-121.89738
7.4208,34.1347,293,7.81E-02,47.052,16.08512,36.79202,-121.89738
7.4229,34.1348,292,7.99E-02,47.139,16.11578,36.79202,-121.89738
7.4239,34.1346,291,7.84E-02,47.155,16.12141,36.79202,-121.89738
7.4243,34.1346,290,8.13E-02,47.121,16.10998,36.79202,-121.89738
7.4344,34.1344,289,7.92E-02,47.11,16.11,36.79202,-121.89738
7.441,34.1338,288,8.05E-02,47.284,16.17157,36.79202,-121.89738
7.4406,34.1339,287,7.93E-02,47.496,16.24424,36.79202,-121.89738
7.4455,34.1336,286,7.65E-02,47.506,16.24926,36.79202,-121.89738
7.4461,34.1336,285,7.98E-02,47.523,16.25545,36.79202,-121.89738
7.4491,34.1335,284,7.72E-02,47.521,16.25595,36.79202,-121.89738
7.4643,34.1327,283,7.99E-02,47.632,16.29928,36.79202,-121.89738
7.4696,34.1325,282,7.96E-02,47.795,16.35705,36.79202,-121.89738
7.48,34.1319,281,7.74E-02,47.831,16.37298,36.79202,-121.89738
7.4865,34.1317,280,7.61E-02,48.093,16.46525,36.79202,-121.89738
7.4902,34.1315,279,7.63E-02,48.144,16.48408,36.79202,-121.89738
7.4941,34.1314,278,7.92E-02,48.216,16.50985,36.79202,-121.89738
7.5007,34.1309,277,7.96E-02,48.33,16.55146,36.79202,-121.89738
7.5087,34.1307,276,8.57E-02,48.425,16.58696,36.79202,-121.89738
7.5161,34.1303,275,7.54E-02,48.448,16.59763,36.79202,-121.89738
7.5216,34.1302,274,7.58E-02,48.553,16.63571,36.79202,-121.89738
7.5241,34.1301,273,7.96E-02,48.791,16.71797,36.79202,-121.89738
7.5246,34.13,272,7.91E-02,48.797,16.72014,36.79202,-121.89738
7.5286,34.1302,271,7.56E-02,48.738,16.70146,36.79202,-121.89738
7.5421,34.1296,270,8.04E-02,48.941,16.77613,36.79202,-121.89738
7.6209,34.1244,269,7.55E-02,49.192,16.89163,36.79202,-121.89738
7.6189,34.1248,268,7.84E-02,50.27,17.26101,36.79202,-121.89738
7.624,34.1242,267,7.66E-02,50.553,17.36025,36.79202,-121.89738
7.6357,34.1235,266,8.04E-02,50.6,17.38083,36.79202,-121.89738
7.6537,34.1227,265,7.79E-02,50.876,17.48271,36.79202,-121.89738
7.6622,34.1226,264,8.04E-02,50.949,17.51094,36.79202,-121.89738
7.6791,34.1238,263,7.74E-02,51.129,17.57979,36.79202,-121.89738
7.697,34.1258,262,8.12E-02,51.393,17.67787,36.79202,-121.89738
7.6944,34.125,261,7.77E-02,51.475,17.70487,36.79202,-121.89738
7.7113,34.1256,260,7.64E-02,51.276,17.64315,36.79202,-121.89738
7.7368,34.1243,259,7.64E-02,51.541,17.74456,36.79202,-121.89738
7.7314,34.1249,258,7.66E-02,52.24,17.98293,36.79202,-121.89738
7.7441,34.125,257,8.15E-02,52.07,17.92951,36.79202,-121.89738
7.7557,34.1245,256,7.49E-02,52.203,17.97999,36.79202,-121.89738
7.7572,34.1244,255,8.03E-02,52.276,18.00566,36.79202,-121.89738
7.7639,34.1241,254,7.59E-02,52.504,18.08681,36.79202,-121.89738
7.7596,34.1245,253,7.54E-02,52.584,18.11283,36.79202,-121.89738
7.7693,34.1243,252,8.25E-02,52.621,18.1295,36.79202,-121.89738
7.7747,34.1242,251,7.28E-02,52.74,18.17251,36.79202,-121.89738
7.7805,34.1241,250,7.74E-02,52.828,18.2052,36.79202,-121.89738
7.7892,34.1237,249,7.55E-02,52.936,18.24612,36.79202,-121.89738
7.792,34.1231,248,7.82E-02,53.325,18.38134,36.79202,-121.89738
7.8022,34.1215,247,7.69E-02,53.285,18.37156,36.79202,-121.89738
7.8043,34.1196,246,7.65E-02,53.419,18.41834,36.79202,-121.89738
7.8042,34.1193,245,7.85E-02,53.72,18.52204,36.79202,-121.89738
7.805,34.1185,244,7.77E-02,53.691,18.51234,36.79202,-121.89738
7.805,34.1186,243,7.77E-02,53.735,18.52733,36.79202,-121.89738
7.8044,34.1187,242,7.61E-02,53.75,18.53232,36.79202,-121.89738
7.8068,34.1184,241,7.61E-02,53.792,18.54767,36.79202,-121.89738
7.8094,34.1185,240,7.76E-02,53.569,18.4718,36.79202,-121.89738
7.8089,34.1184,239,7.66E-02,53.901,18.58611,36.79202,-121.89738
7.814,34.1191,238,7.63E-02,53.824,18.56201,36.79202,-121.89738
7.8156,34.1192,237,7.82E-02,54.001,18.6237,36.79202,-121.89738
7.8209,34.1195,236,7.77E-02,53.953,18.60936,36.79202,-121.89738
7.8291,34.1201,235,7.67E-02,54.022,18.63665,36.79202,-121.89738
7.8287,34.1204,234,7.71E-02,54.073,18.65389,36.79202,-121.89738
7.8298,34.1202,233,7.81E-02,54.234,18.71016,36.79202,-121.89738
7.8358,34.1203,232,7.75E-02,54.141,18.68048,36.79202,-121.89738
7.8427,34.1199,231,7.56E-02,54.296,18.73678,36.79202,-121.89738
7.8477,34.1192,230,7.90E-02,54.476,18.80102,36.79202,-121.89738
7.8513,34.1183,229,7.41E-02,54.607,18.84757,36.79202,-121.89738
7.85,34.1186,228,7.65E-02,54.799,18.91318,36.79202,-121.89738
7.869,34.118,227,7.58E-02,54.766,18.91002,36.79202,-121.89738
7.8685,34.1186,226,7.58E-02,55.019,18.99693,36.79202,-121.89738
7.8779,34.1185,225,7.35E-02,55.218,19.06967,36.79202,-121.89738
7.8886,34.1186,224,7.33E-02,55.368,19.12629,36.79202,-121.89738
7.8876,34.1185,223,7.48E-02,55.303,19.10343,36.79202,-121.89738
7.8907,34.1186,222,7.86E-02,55.489,19.16894,36.79202,-121.89738
7.8925,34.118,221,7.78E-02,55.438,19.15201,36.79202,-121.89738
7.8912,34.1177,220,7.33E-02,55.536,19.18527,36.79202,-121.89738
7.8907,34.1174,219,7.69E-02,55.538,19.18572,36.79202,-121.89738
7.8886,34.1168,218,7.34E-02,55.504,19.17288,36.79202,-121.89738
7.8879,34.1166,217,7.93E-02,55.483,19.16538,36.79202,-121.89738
7.8827,34.1151,216,7.54E-02,55.51,19.17223,36.79202,-121.89738
7.8797,34.114,215,7.69E-02,55.49,19.16402,36.79202,-121.89738
7.8768,34.1131,214,8.03E-02,55.408,19.13416,36.79202,-121.89738
7.8747,34.1117,213,7.86E-02,55.414,19.13525,36.79202,-121.89738
7.8749,34.1117,212,7.75E-02,55.488,19.16072,36.79202,-121.89738
7.8788,34.1104,211,7.72E-02,55.476,19.15833,36.79202,-121.89738
7.8806,34.1104,210,7.60E-02,55.491,19.16397,36.79202,-121.89738
7.8851,34.1101,209,7.47E-02,55.601,19.20392,36.79202,-121.89738
7.8928,34.1105,208,7.48E-02,55.587,19.2027,36.79202,-121.89738
7.8909,34.1104,207,7.59E-02,55.963,19.33156,36.79202,-121.89738
7.9093,34.1118,206,7.68E-02,55.72,19.25563,36.79202,-121.89738
7.914,34.1123,205,7.39E-02,56.251,19.44155,36.79202,-121.89738
7.9168,34.1109,204,7.62E-02,56.49,19.52515,36.79202,-121.89738
7.9164,34.1111,203,7.44E-02,56.278,19.45168,36.79202,-121.89738
7.9223,34.1101,202,7.81E-02,56.507,19.53305,36.79202,-121.89738
7.9316,34.1094,201,7.54E-02,56.56,19.55541,36.79202,-121.89738
7.9365,34.1095,200,7.35E-02,56.832,19.6516,36.79202,-121.89738
7.9356,34.1094,199,7.41E-02,57.055,19.72836,36.79202,-121.89738
7.9438,34.1093,198,7.74E-02,57.075,19.73888,36.79202,-121.89738
7.9481,34.1093,197,7.41E-02,57.207,19.78654,36.79202,-121.89738
7.9876,34.1108,196,7.50E-02,57.261,19.82297,36.79202,-121.89738
7.9846,34.1112,195,7.51E-02,58.342,20.19575,36.79202,-121.89738
7.9914,34.1117,194,7.43E-02,58.468,20.24265,36.79202,-121.89738
8.0129,34.1136,193,7.54E-02,58.49,20.26041,36.79202,-121.89738
8.0215,34.1134,192,7.32E-02,59.341,20.55889,36.79202,-121.89738
8.0382,34.1127,191,7.33E-02,59.219,20.52412,36.79202,-121.89738
8.0344,34.1128,190,7.45E-02,60.17,20.85211,36.79202,-121.89738
8.0511,34.1131,189,7.68E-02,60.04,20.815,36.79202,-121.89738
8.0712,34.1131,188,7.53E-02,60.3,20.91437,36.79202,-121.89738
8.08,34.113,187,7.43E-02,60.578,21.015,36.79202,-121.89738
8.0874,34.1123,186,7.47E-02,61.007,21.16704,36.79202,-121.89738
8.0936,34.1117,185,7.54E-02,61.25,21.25423,36.79202,-121.89738
8.0959,34.1109,184,7.32E-02,61.444,21.32265,36.79202,-121.89738
8.1018,34.11,183,7.48E-02,61.449,21.32704,36.79202,-121.89738
8.102,34.1097,182,7.56E-02,61.785,21.44367,36.79202,-121.89738
8.1071,34.1082,181,7.59E-02,61.87,21.47524,36.79202,-121.89738
8.105,34.1087,180,7.55E-02,61.861,21.47121,36.79202,-121.89738
8.1059,34.1086,179,7.38E-02,61.86,21.47131,36.79202,-121.89738
8.1089,34.1079,178,7.43E-02,61.889,21.48294,36.79202,-121.89738
8.1141,34.1061,177,7.33E-02,61.903,21.49003,36.79202,-121.89738
8.1204,34.1044,176,7.42E-02,61.934,21.50323,36.79202,-121.89738
8.1205,34.1044,175,7.54E-02,62.909,21.842,36.79202,-121.89738
8.1322,34.1013,174,7.34E-02,62.664,21.76205,36.79202,-121.89738
8.1364,34.0999,173,7.33E-02,62.93,21.85621,36.79202,-121.89738
8.1402,34.0978,172,7.47E-02,63.091,21.91376,36.79202,-121.89738
8.1397,34.0979,171,7.67E-02,63.112,21.92075,36.79202,-121.89738
8.1386,34.0984,170,7.61E-02,63.042,21.89589,36.79202,-121.89738
8.1491,34.0942,169,7.65E-02,62.967,21.87442,36.79202,-121.89738
8.1498,34.094,168,7.38E-02,63.181,21.9492,36.79202,-121.89738
8.149,34.0936,167,7.80E-02,63.404,22.02625,36.79202,-121.89738
8.1509,34.0921,166,7.96E-02,63.303,21.99181,36.79202,-121.89738
8.151,34.0918,165,7.54E-02,63.287,21.98616,36.79202,-121.89738
8.1514,34.0913,164,7.74E-02,63.277,21.98269,36.79202,-121.89738
8.1514,34.0912,163,7.98E-02,63.281,21.98403,36.79202,-121.89738
8.1516,34.0908,162,8.00E-02,63.298,21.99021,36.79202,-121.89738
8.151,34.0905,161,7.89E-02,63.254,21.9746,36.79202,-121.89738
8.1501,34.0896,160,8.15E-02,63.256,21.9746,36.79202,-121.89738
8.1501,34.0897,159,7.82E-02,63.082,21.91414,36.79202,-121.89738
8.1487,34.0876,158,7.85E-02,63.092,21.91673,36.79202,-121.89738
8.149,34.0879,157,7.58E-02,63.069,21.9089,36.79202,-121.89738
8.151,34.0871,156,7.77E-02,63.005,21.88751,36.79202,-121.89738
8.1527,34.0866,155,7.72E-02,63.112,21.92526,36.79202,-121.89738
8.1609,34.085,154,7.90E-02,62.99,21.88655,36.79202,-121.89738
8.1656,34.0843,153,7.67E-02,63.686,22.13056,36.79202,-121.89738
8.1674,34.0843,152,7.78E-02,63.896,22.2047,36.79202,-121.89738
8.172,34.0835,151,7.46E-02,64.14,22.2914,36.79202,-121.89738
8.1795,34.0824,150,7.63E-02,64.568,22.44377,36.79202,-121.89738
8.188,34.0807,149,7.66E-02,64.373,22.38,36.79202,-121.89738
8.1917,34.08,148,7.78E-02,65.247,22.68561,36.79202,-121.89738
8.1984,34.0789,147,7.51E-02,65.328,22.71707,36.79202,-121.89738
8.1973,34.0792,146,7.79E-02,65.612,22.81526,36.79202,-121.89738
8.2196,34.0766,145,7.94E-02,65.548,22.80411,36.79202,-121.89738
8.2327,34.0745,144,7.82E-02,66.109,23.00562,36.79202,-121.89738
8.2327,34.0749,143,7.81E-02,67.054,23.33458,36.79202,-121.89738
8.2367,34.0744,142,7.81E-02,66.997,23.31646,36.79202,-121.89738
8.2356,34.0746,141,7.70E-02,67.013,23.32143,36.79202,-121.89738
8.2376,34.0745,140,7.65E-02,67.077,23.34495,36.79202,-121.89738
8.2499,34.0731,139,7.73E-02,67.038,23.3373,36.79202,-121.89738
8.2587,34.0719,138,7.64E-02,67.397,23.46681,36.79202,-121.89738
8.2616,34.0716,137,7.70E-02,68.145,23.72884,36.79202,-121.89738
8.2768,34.0694,136,7.85E-02,68.271,23.78029,36.79202,-121.89738
8.2842,34.0685,135,7.87E-02,68.986,24.03329,36.79202,-121.89738
8.2964,34.0671,134,7.79E-02,69.143,24.09428,36.79202,-121.89738
8.3229,34.0635,133,7.87E-02,69.592,24.26425,36.79202,-121.89738
8.3076,34.0664,132,7.37E-02,71.309,24.85522,36.79202,-121.89738
8.3666,34.0574,131,7.54E-02,70.277,24.52593,36.79202,-121.89738
8.3658,34.0585,130,7.49E-02,72.281,25.22487,36.79202,-121.89738
8.3948,34.0544,129,8.12E-02,72.545,25.33284,36.79202,-121.89738
8.39,34.0558,128,7.91E-02,74.069,25.86228,36.79202,-121.89738
8.4307,34.0494,127,7.88E-02,74.072,25.88568,36.79202,-121.89738
8.4307,34.0498,126,7.68E-02,75.686,26.44984,36.79202,-121.89738
8.4402,34.0485,125,7.99E-02,75.637,26.43772,36.79202,-121.89738
8.4411,34.0485,124,8.12E-02,75.664,26.44789,36.79202,-121.89738
8.4453,34.0478,123,7.85E-02,75.656,26.44751,36.79202,-121.89738
8.4494,34.0474,122,7.51E-02,75.719,26.47188,36.79202,-121.89738
8.453,34.0471,121,8.16E-02,75.841,26.51658,36.79202,-121.89738
8.4564,34.0465,120,7.92E-02,76.137,26.62178,36.79202,-121.89738
8.4577,34.0462,119,7.88E-02,76.123,26.61779,36.79202,-121.89738
8.4723,34.0431,118,7.73E-02,76.282,26.68112,36.79202,-121.89738
8.4805,34.0413,117,7.67E-02,76.468,26.75093,36.79202,-121.89738
8.4874,34.0399,116,8.18E-02,76.516,26.77149,36.79202,-121.89738
8.4982,34.038,115,8.06E-02,76.703,26.84307,36.79202,-121.89738
8.5059,34.0367,114,7.77E-02,76.982,26.94482,36.79202,-121.89738
8.5056,34.0368,113,7.92E-02,77.129,26.9962,36.79202,-121.89738
8.5138,34.035,112,7.80E-02,76.977,26.94748,36.79202,-121.89738
8.5231,34.0328,111,7.88E-02,77.192,27.02785,36.79202,-121.89738
8.5316,34.0302,110,7.84E-02,77.302,27.07097,36.79202,-121.89738
8.5273,34.0315,109,7.73E-02,76.453,26.7713,36.79202,-121.89738
8.5319,34.0302,108,8.09E-02,76.618,26.83169,36.79202,-121.89738
8.5334,34.0298,107,8.06E-02,76.484,26.78567,36.79202,-121.89738
8.5533,34.0247,106,8.56E-02,76.488,26.79781,36.79202,-121.89738
8.5635,34.0226,105,8.68E-02,76.314,26.74254,36.79202,-121.89738
8.5731,34.0207,104,8.43E-02,76.336,26.7555,36.79202,-121.89738
8.5761,34.0205,103,8.34E-02,76.612,26.85391,36.79202,-121.89738
8.5993,34.0161,102,8.13E-02,76.611,26.86643,36.79202,-121.89738
8.6028,34.0163,101,8.82E-02,77.802,27.28631,36.79202,-121.89738
8.6252,34.0126,100,8.69E-02,78.266,27.46221,36.79202,-121.89738
8.6345,34.011,99,8.89E-02,78.494,27.54727,36.79202,-121.89738
8.6387,34.0104,98,8.61E-02,78.959,27.71295,36.79202,-121.89738
8.6468,34.0089,97,9.15E-02,79.134,27.77905,36.79202,-121.89738
8.6894,34.0016,96,8.50E-02,79.594,27.96562,36.79202,-121.89738
8.6894,34.0019,95,8.56E-02,81.219,28.53634,36.79202,-121.89738
8.7338,33.9932,94,8.41E-02,81.595,28.69471,36.79202,-121.89738
8.7492,33.9904,93,8.78E-02,83.855,29.49918,36.79202,-121.89738
8.7608,33.9882,92,8.76E-02,84.268,29.65164,36.79202,-121.89738
8.7651,33.9878,91,8.98E-02,84.929,29.88698,36.79202,-121.89738
8.7725,33.9871,90,8.98E-02,85.115,29.95695,36.79202,-121.89738
8.7832,33.9846,89,9.48E-02,85.429,30.07396,36.79202,-121.89738
8.7932,33.983,88,1.01E-01,85.798,30.21015,36.79202,-121.89738
8.8063,33.9813,87,9.40E-02,85.881,30.24795,36.79202,-121.89738
8.8238,33.9777,86,9.79E-02,85.889,30.26153,36.79202,-121.89738
8.8478,33.974,85,1.03E-01,85.353,30.08796,36.79202,-121.89738
8.8569,33.972,84,9.74E-02,85.73,30.22622,36.79202,-121.89738
8.8535,33.9734,83,9.88E-02,86.235,30.40228,36.79202,-121.89738
8.8719,33.9698,82,9.44E-02,86.097,30.36525,36.79202,-121.89738
8.8802,33.9688,81,9.74E-02,86.599,30.54774,36.79202,-121.89738
8.8817,33.9685,80,1.08E-01,86.207,30.41035,36.79202,-121.89738
8.8942,33.9665,79,1.08E-01,86.463,30.50865,36.79202,-121.89738
8.9189,33.9618,78,1.04E-01,86.716,30.61331,36.79202,-121.89738
8.9178,33.9624,77,1.04E-01,87.933,31.0425,36.79202,-121.89738
8.9219,33.9617,76,1.21E-01,87.71,30.9666,36.79202,-121.89738
8.9227,33.9618,75,1.10E-01,87.679,30.95584,36.79202,-121.89738
8.9247,33.9615,74,1.08E-01,87.752,30.98316,36.79202,-121.89738
8.9326,33.9595,73,1.10E-01,87.93,31.0509,36.79202,-121.89738
8.9401,33.9582,72,1.01E-01,88.525,31.26594,36.79202,-121.89738
8.9481,33.9571,71,1.10E-01,88.917,31.40956,36.79202,-121.89738
8.9581,33.9552,70,1.13E-01,88.834,31.3866,36.79202,-121.89738
8.9657,33.9541,69,1.06E-01,88.725,31.35309,36.79202,-121.89738
8.9654,33.9546,68,1.10E-01,89.094,31.48361,36.79202,-121.89738
8.9727,33.9531,67,1.13E-01,88.672,31.33902,36.79202,-121.89738
8.9839,33.9514,66,1.18E-01,88.353,31.23368,36.79202,-121.89738
8.9978,33.9489,65,1.24E-01,88.264,31.21117,36.79202,-121.89738
9.014,33.9455,64,1.33E-01,88.422,31.27733,36.79202,-121.89738
9.0153,33.9461,63,1.29E-01,88.802,31.41301,36.79202,-121.89738
9.0225,33.9451,62,1.22E-01,88.252,31.22307,36.79202,-121.89738
9.0325,33.9445,61,1.25E-01,86.991,30.78338,36.79202,-121.89738
9.0369,33.9441,60,1.36E-01,86.38,30.57029,36.79202,-121.89738
9.0402,33.9436,59,1.33E-01,86.097,30.47214,36.79202,-121.89738
9.043,33.943,58,1.35E-01,85.692,30.3304,36.79202,-121.89738
9.0484,33.9419,57,1.30E-01,85.907,30.40988,36.79202,-121.89738
9.0571,33.9398,56,1.32E-01,86.206,30.52119,36.79202,-121.89738
9.0572,33.9398,55,1.28E-01,86.943,30.78216,36.79202,-121.89738
9.0678,33.9375,54,1.30E-01,86.995,30.80715,36.79202,-121.89738
9.0739,33.936,53,1.47E-01,87.845,31.11198,36.79202,-121.89738
9.0792,33.9349,52,1.29E-01,88.901,31.48932,36.79202,-121.89738
9.0922,33.9324,51,1.37E-01,89.756,31.80096,36.79202,-121.89738
9.0982,33.9317,50,1.36E-01,89.273,31.63369,36.79202,-121.89738
9.1052,33.9304,49,1.38E-01,89.383,31.67728,36.79202,-121.89738
9.1363,33.9245,48,1.39E-01,89.388,31.69938,36.79202,-121.89738
9.1359,33.9249,47,1.57E-01,89.246,31.64881,36.79202,-121.89738
9.1589,33.9206,46,1.54E-01,89.261,31.66881,36.79202,-121.89738
9.1773,33.9164,45,1.53E-01,89.518,31.77191,36.79202,-121.89738
9.1875,33.9144,44,1.63E-01,89.934,31.92642,36.79202,-121.89738
9.1929,33.9128,43,1.53E-01,90.87,32.26188,36.79202,-121.89738
9.2094,33.909,42,1.62E-01,91.051,32.33692,36.79202,-121.89738
9.209,33.909,41,1.72E-01,92.231,32.75581,36.79202,-121.89738
9.2307,33.9027,40,1.63E-01,92.114,32.72843,36.79202,-121.89738
9.2426,33.8987,39,1.67E-01,94.634,33.63156,36.79202,-121.89738
9.2568,33.8946,38,1.67E-01,98.325,34.95289,36.79202,-121.89738
9.2668,33.8918,37,1.63E-01,99.978,35.54775,36.79202,-121.89738
9.2782,33.8883,36,1.83E-01,100.207,35.63713,36.79202,-121.89738
9.2993,33.8821,35,1.87E-01,102.708,36.54202,36.79202,-121.89738
9.3286,33.8755,34,1.93E-01,104.732,37.28404,36.79202,-121.89738
9.3609,33.8655,33,1.90E-01,106.237,37.84364,36.79202,-121.89738
9.3739,33.8617,32,2.18E-01,108.613,38.69999,36.79202,-121.89738
9.3846,33.8601,31,2.07E-01,108.99,38.84308,36.79202,-121.89738
9.3996,33.8588,30,2.21E-01,109.714,39.11333,36.79202,-121.89738
9.4815,33.8494,29,2.27E-01,108.928,38.89996,36.79202,-121.89738
9.4649,33.8532,28,2.90E-01,105.173,37.54637,36.79202,-121.89738
9.5281,33.8425,27,2.70E-01,105.915,37.86055,36.79202,-121.89738
9.5494,33.842,26,3.12E-01,105.704,37.80252,36.79202,-121.89738
9.6033,33.8346,25,3.05E-01,105.593,37.80482,36.79202,-121.89738
9.6446,33.8297,24,3.01E-01,105.427,37.77798,36.79202,-121.89738
9.6477,33.8307,23,3.48E-01,105.708,37.88169,36.79202,-121.89738
9.7259,33.8216,22,3.67E-01,106.344,38.17188,36.79202,-121.89738
9.8651,33.8045,21,4.70E-01,109.517,39.42416,36.79202,-121.89738
9.9428,33.7974,20,5.47E-01,112.515,40.56949,36.79202,-121.89738
10.0042,33.7903,19,5.20E-01,114.242,41.245,36.79202,-121.89738
10.0322,33.7852,18,5.91E-01,118.081,42.65507,36.79202,-121.89738
10.1303,33.7757,17,6.26E-01,118.03,42.72415,36.79202,-121.89738
10.2695,33.7607,16,5.87E-01,125.769,45.65408,36.79202,-121.89738
10.5189,33.7509,15,7.34E-01,131.034,47.81928,36.79202,-121.89738
10.4006,33.7576,14,1.12E+00,156.092,56.826,36.79202,-121.89738
10.9231,33.7355,13,1.27E+00,142.464,52.43385,36.79202,-121.89738
11.6027,33.7202,12,2.83E+00,193.009,71.99694,36.79202,-121.89738
11.8873,33.6994,11,4.22E+00,212.425,79.77191,36.79202,-121.89738
11.9554,33.7052,10,5.56E+00,240.029,90.26122,36.79202,-121.89738
12.1871,33.7036,9,7.17E+00,255.272,96.46378,36.79202,-121.89738
12.3439,33.7037,8,1.01E+01,273.487,103.68091,36.79202,-121.89738
12.3989,33.7046,7,1.17E+01,280.852,106.58923,36.79202,-121.89738
12.407,33.7036,6,1.19E+01,283.761,107.71018,36.79202,-121.89738
12.4235,33.7022,5,1.16E+01,285.421,108.37618,36.79202,-121.89738
12.4387,33.7013,4,9.21E+00,290.053,110.16863,36.79202,-121.89738
12.4622,33.6999,3,6.17E+00,291.345,110.7122,36.79202,-121.89738
12.501,33.699,2,3.89E+00,291.126,110.71699,36.79202,-121.89738
12.6245,33.697,1,1.79E+00,291.981,111.32328,36.79202,-121.89738